id,nom,profession,email,telephone,status,admin_approved,created_at
"32bdf4c3-d0ac-4446-9d81-b7382572d85e","ATLAS IMMO Sénégal","Agence immobilière","atlas.immo.senegal.3b28@nexusmarket.sn","Voir Facebook","approved","true","2026-08-12T13:38:05.685741+00:00"
"3e70b012-8045-4319-a25a-f97db0921411","Ilios Groupe Immobilier","Agence immobilière","ilios.groupe.immobilier.d356@nexusmarket.sn","Voir site","approved","true","2026-08-12T13:38:05.685741+00:00"
"0cb7f8ac-5346-4286-9495-1d6d38527116","Saloum Immobilier","Agence immobilière","saloum.immobilier.1acd@nexusmarket.sn","Voir site","approved","true","2026-08-12T13:38:05.685741+00:00"
"ffd6d732-f087-4ebf-84c3-d6147bf5acb2","Senafri IMMO","Agence immobilière","senafri.immo.b359@nexusmarket.sn","Voir site","approved","true","2026-08-12T13:38:05.685741+00:00"
"2f24b9ec-dc93-40c9-bc81-1192e2cf1ab6","Senegindia Immobilier","Agence immobilière","senegindia.immobilier.bc1c@nexusmarket.sn","Voir site","approved","true","2026-08-12T13:38:05.685741+00:00"
"f7ee8883-ddd6-47bc-bab7-5d341f1a19fe","Réalités Sénégal (promoteur)","Agence immobilière","realites.senegal.promoteur.4b7b@nexusmarket.sn","Voir site","approved","true","2026-08-12T13:38:05.685741+00:00"
"7884e758-4e1e-40e5-8ce9-9f2e3e0f92c0","SenHub Immo (plateforme)","Agence immobilière","senhub.immo.plateforme.74dd@nexusmarket.sn","Voir site","approved","true","2026-08-12T13:38:05.685741+00:00"
"c0bcea3a-75e5-483f-b544-2fdd95563045","Appartement Meublé SN","Agence immobilière","appartement.meuble.sn.86dc@nexusmarket.sn","Voir Facebook","approved","true","2026-08-12T13:38:05.685741+00:00"
"dfd25729-0725-4527-9011-253521075c91","Appartements meublés Dakar","Agence immobilière","appartements.meubles.dakar.a7c6@nexusmarket.sn","Voir Facebook","approved","true","2026-08-12T13:38:05.685741+00:00"
"c19cd484-200b-4ae7-8e47-8f3756ab5e59","Appartement Meublé Dakar SN","Agence immobilière","appartement.meuble.dakar.sn.32be@nexusmarket.sn","Voir Facebook","approved","true","2026-08-12T13:38:05.685741+00:00"
"26a1804c-21c3-460c-b1cd-0d40804e9654","Location Appartement Meublé Dakar Liberté 6","Agence immobilière","location.appartement.meuble.dakar.liberte.6.0471@nexusmarket.sn","Voir Facebook","approved","true","2026-08-12T13:38:05.685741+00:00"
"939eb6ab-4b04-4156-a2e3-dc2b3ff83306","OFIM Sénégal","Agence immobilière","ofim.senegal.cd46@nexusmarket.sn","Voir site","approved","true","2026-08-12T13:38:05.685741+00:00"
"07b40887-3112-469d-bbcd-58a72dd68185","A2D Immobilier (Ngor Almadies)","Agence immobilière","a2d.immobilier.ngor.almadies.9b1f@nexusmarket.sn","Voir site","approved","true","2026-08-12T13:38:05.685741+00:00"
"05065704-cb87-4f4b-93ce-dcde3961f6ad","Ges IMMO","Agence immobilière","ges.immo.cc07@nexusmarket.sn","Voir Facebook","approved","true","2026-08-12T13:38:05.685741+00:00"
"e6dc7382-e68a-490a-8ba8-f8949d4dacb7","AFD Immobilier","Agence immobilière","afd.immobilier.e94e@nexusmarket.sn","Voir Facebook","approved","true","2026-08-12T13:38:05.685741+00:00"
"f21675ba-eee6-4522-8a32-aeb341f680ef","","Agence immobilière","prospect.3662@nexusmarket.sn","+221 76 683 36 62","approved","true","2026-08-12T13:38:05.685741+00:00"
"20660995-43c6-4ced-ab71-970724562a9f","UVC Immobilier","Agence immobilière","uvc.immobilier.6662@nexusmarket.sn","+221 33 825 66 62","approved","true","2026-08-12T13:38:05.685741+00:00"
"fc7fe104-f9d3-4597-b507-17e9e9764440","COMPLEXE ADJA FATOU DIAW","Carreleur","prospect_221776370151@nexusmarket.sn","+221 77 637 01 51","active","false","2026-08-11T22:29:56.722095+00:00"
"34e22a62-bdfe-4d5a-ae99-4217aee9bf7b","ImmoTop Saly","Agence immobilière","immotop.saly.5655@nexusmarket.sn","Voir site","approved","true","2026-08-12T13:38:05.685741+00:00"
"788cdab4-4adf-4d80-b482-ba65ff4a5937","Agence Immobilière Saly Sénégal (Sali Portudal)","Agence immobilière","agence.immobiliere.saly.senegal.sali.portudal.8092@nexusmarket.sn","Voir Facebook","approved","true","2026-08-12T13:38:05.685741+00:00"
"1a5cc9c7-7009-4f11-8841-88f533b08156","Immobilier La Lagune","Agence immobilière","immobilier.la.lagune.779a@nexusmarket.sn","Voir site","approved","true","2026-08-12T13:38:05.685741+00:00"
"c42a91ef-badc-4748-ba2c-45235e539897","Agence Immobilière Saint-Louis du Sénégal","Agence immobilière","agence.immobiliere.saint.louis.du.senegal.e95d@nexusmarket.sn","Voir Facebook","approved","true","2026-08-12T13:38:05.685741+00:00"
"9bf63da5-6d6d-49ed-bdb3-c6ab16208000","Agence immobilière bamtaare Mbour","Agence immobilière","agence.immobiliere.bamtaare.mbour.ead3@nexusmarket.sn","Voir Facebook","approved","true","2026-08-12T13:38:05.685741+00:00"
"0bf0ac39-1f60-490e-aa8e-f5c8f1dabd03","L'immobilier à Ziguinchor","Agence immobilière","l.immobilier.a.ziguinchor.91a9@nexusmarket.sn","Voir Facebook","approved","true","2026-08-12T13:38:05.685741+00:00"
"d62b31f6-3652-4b94-aea8-b1f37d9f2330","SAINT LOUIS Immobilier","Agence immobilière","saint.louis.immobilier.79df@nexusmarket.sn","Voir Facebook","approved","true","2026-08-12T13:38:05.685741+00:00"
"5b9c8cc5-1dfd-4cde-89ce-f927570f9638","Agence Immobilière CGBI (Ngor Almadies)","Agence immobilière","agence.immobiliere.cgbi.ngor.almadies.22d9@nexusmarket.sn","Voir Facebook","approved","true","2026-08-12T13:38:05.685741+00:00"
"d12344d1-2369-44a2-81dc-7bf8b364216a","Baraka IMMO","Agence immobilière","baraka.immo.83b6@nexusmarket.sn","Voir Facebook","approved","true","2026-08-12T13:38:05.685741+00:00"
"d2dfec9a-2510-4539-9bb4-a57804de7045","Centrale Immobilière Africaine","Agence immobilière","centrale.immobiliere.africaine.6d3d@nexusmarket.sn","Voir Facebook","approved","true","2026-08-12T13:38:05.685741+00:00"
"7a7b1473-5a6a-4f8a-9f15-77d19d9aad1a","Régie Immobilière Mugnier","Agence immobilière","regie.immobiliere.mugnier.f24c@nexusmarket.sn","Voir Facebook","approved","true","2026-08-12T13:38:05.685741+00:00"
"16e8473b-65fb-4029-a724-2777c8bd42c0","2SImmobilier","Agence immobilière","2simmobilier.dba3@nexusmarket.sn","Voir site","approved","true","2026-08-12T13:38:05.685741+00:00"
"cb276db2-0f66-4a81-989a-dabcddec3bda","Immobilier au Sénégal (SenAnnonceImmo)","Agence immobilière","immobilier.au.senegal.senannonceimmo.d2a8@nexusmarket.sn","Voir Facebook","approved","true","2026-08-12T13:38:05.685741+00:00"
"81378335-7eef-4745-80d0-4990da6ffe1e","DHS-Immo","Agence immobilière","dhs.immo.9b6f@nexusmarket.sn","Voir site","approved","true","2026-08-12T13:38:05.685741+00:00"
"ef215273-de91-4a36-bd0a-77e7bebd208c","Pro Immobilier Saint-Louis","Agence immobilière","pro.immobilier.saint.louis.a9bb@nexusmarket.sn","Voir site","approved","true","2026-08-12T13:38:05.685741+00:00"
"8d0813d3-0708-4255-bed4-4ad2e677ccb9","Immobilier Cap Skirring","Agence immobilière","immobilier.cap.skirring.608b@nexusmarket.sn","Voir site","approved","true","2026-08-12T13:38:05.685741+00:00"
"88153e3f-23a9-438b-bf12-60fe674f03bb","Agence immobilière La Casamance","Agence immobilière","agence.immobiliere.la.casamance.76bc@nexusmarket.sn","Voir carte","approved","true","2026-08-12T13:38:05.685741+00:00"
"3a02be0d-a4b3-41a6-85eb-d9f791c4f6c6","CASAMANCE IMMO COUP DE KEUR","Agence immobilière","casamance.immo.coup.de.keur.ffc3@nexusmarket.sn","Voir site","approved","true","2026-08-12T13:38:05.685741+00:00"
"d95ab6e9-7436-4f2d-a368-8fc9b7362883","L'Immobilière de Saint-Louis","Agence immobilière","l.immobiliere.de.saint.louis.7414@nexusmarket.sn","Voir site","approved","true","2026-08-12T13:38:05.685741+00:00"
"168204d8-7641-4c1f-bc1b-0d76a607e501","","Agence immobilière","prospect.646661@nexusmarket.sn","Voir Facebook","approved","true","2026-08-12T13:38:05.685741+00:00"
"2342a744-8c42-4737-a1d6-8ac05323c005","","Agence immobilière","prospect.9746@nexusmarket.sn","+221 33 954 97 46","approved","true","2026-08-12T13:38:05.685741+00:00"
"546d831a-029a-4762-bc34-7d95116d51ed","","Agence immobilière","prospect.3561@nexusmarket.sn","+221 77 569 35 61","approved","true","2026-08-12T13:38:05.685741+00:00"
"e1b2a6bf-da33-401b-a7d2-eb05a1b1862b","Agence immobilière casa","Agence immobilière","agence.immobiliere.casa.5380@nexusmarket.sn","Voir Facebook","approved","true","2026-08-12T13:38:05.685741+00:00"
"d149348a-f7bb-4f14-96ba-5e37f375389f","","Agence immobilière","prospect.5994@nexusmarket.sn","+221 77 532 59 94","approved","true","2026-08-12T13:38:05.685741+00:00"
"5fffb3fc-dd80-4362-b62a-65882cb59b6f","Cabinet Kany","Agence immobilière","cabinet.kany.bf83@nexusmarket.sn","Voir site","approved","true","2026-08-12T13:38:05.685741+00:00"
"4f4c5b34-322b-4366-b3d3-b03fb9f24b1c","","Agence immobilière","prospect.7489@nexusmarket.sn","+221 77 374 74 89","approved","true","2026-08-12T13:38:05.685741+00:00"
"f3d81a79-695d-4887-befd-ffd68ff2c050","","Agence immobilière","prospect.1791@nexusmarket.sn","+221 33 867 17 91","approved","true","2026-08-12T13:38:05.685741+00:00"
"b3a1b779-791f-46e2-af40-c5c1292c57fe","","Agence immobilière","prospect.5201@nexusmarket.sn","+221 77 513 52 01","approved","true","2026-08-12T13:38:05.685741+00:00"
"94ecad88-d97f-4467-96c6-aa05ff74ba5c","","Agence immobilière","prospect.0474@nexusmarket.sn","+221 33 860 04 74","approved","true","2026-08-12T13:38:05.685741+00:00"
"eef7d7c0-6e76-4893-a1ec-814b56d6ad1e","","Agence immobilière","prospect.1819@nexusmarket.sn","+221 77 537 18 19","approved","true","2026-08-12T13:38:05.685741+00:00"
"6dbaefe9-2e8f-4212-a3be-0ccb026b521a","","Agence immobilière","prospect.3770@nexusmarket.sn","+221 33 824 37 70","approved","true","2026-08-12T13:38:05.685741+00:00"
"092ca8ec-d834-4728-b2ef-fa654ae977cc","","Agence immobilière","prospect.2626@nexusmarket.sn","+221 76 682 26 26","approved","true","2026-08-12T13:38:05.685741+00:00"
"73b1b8dc-9024-48de-b04c-47f35c77b730","","Agence immobilière","prospect.1415@nexusmarket.sn","+221 33 821 14 15","approved","true","2026-08-12T13:38:05.685741+00:00"
"8eb7ac30-82e3-4474-9886-b9f719e422df","","Agence immobilière","prospect.5756@nexusmarket.sn","+221 78 475 57 56","approved","true","2026-08-12T13:38:05.685741+00:00"
"aa5889c3-64c6-43fb-96db-c60896bcb9fd","","Agence immobilière","prospect.6111@nexusmarket.sn","+221 33 867 61 11","approved","true","2026-08-12T13:38:05.685741+00:00"
"f1b1a6a3-b6bf-46ca-90ad-1c7b8461aae4","","Agence immobilière","prospect.7125@nexusmarket.sn","+221 77 143 71 25","approved","true","2026-08-12T13:38:05.685741+00:00"
"5987fb6c-b166-46ae-80d9-6af9f1b1a7d5","","Agence immobilière","prospect.0737@nexusmarket.sn","+221 77 644 07 37","approved","true","2026-08-12T13:38:05.685741+00:00"
"e05cf6c1-de96-44bb-8ace-4f25ef20f4e7","","Agence immobilière","prospect.9316@nexusmarket.sn","+221 77 635 93 16","approved","true","2026-08-12T13:38:05.685741+00:00"
"a69cd65a-9bd0-4b4e-bc99-79a71560ca17","","Agence immobilière","prospect.e8bce0@nexusmarket.sn","Voir site","approved","true","2026-08-12T13:38:05.685741+00:00"
"a492f533-6e71-4c30-83d2-41afb9b76a32","CERATECH SARL","Carreleur","prospect_221338672787@nexusmarket.sn","+221 33 867 27 87","active","false","2026-08-11T22:29:30.209577+00:00"
"5cb3dd24-4a79-4e0d-8281-ba78de23437e","","Agence immobilière","prospect.9032@nexusmarket.sn","+221 77 573 90 32","approved","true","2026-08-12T13:38:05.685741+00:00"
"c1bcc493-c99b-4567-bad9-ed1f367e34fe","","Agence immobilière","prospect.4203@nexusmarket.sn","+221 77 232 42 03","approved","true","2026-08-12T13:38:05.685741+00:00"
"56a8aa8f-903c-4083-b4df-c631aed500ce","","Agence immobilière","prospect.77d19f@nexusmarket.sn","Voir annonce","approved","true","2026-08-12T13:38:05.685741+00:00"
"05c4da03-d632-4320-a688-e82618bbeb13","","Agence immobilière","prospect.4019@nexusmarket.sn","+221 33 860 40 19","approved","true","2026-08-12T13:38:05.685741+00:00"
"d74eae53-0536-4bda-b534-be24486ec6a7","","Agence immobilière","prospect.4468@nexusmarket.sn","+221 77 640 44 68","approved","true","2026-08-12T13:38:05.685741+00:00"
"5e2fb276-6385-4cff-883b-9ecaad5fde63","","Agence immobilière","prospect.3400@nexusmarket.sn","+221 77 512 34 00","approved","true","2026-08-12T13:38:05.685741+00:00"
"fc2179b1-6c7e-4da5-83f6-897ad2f501e9","","Agence immobilière","prospect.0056@nexusmarket.sn","+221 33 867 00 56","approved","true","2026-08-12T13:38:05.685741+00:00"
"53d45d0d-7e60-47dd-8764-d0640a017d1e","X'Trem Jet Sénégal (jet ski Saly)","Loueur / Location","x.trem.jet.senegal.jet.ski.saly.4018@nexusmarket.sn","Voir Facebook","approved","true","2026-08-12T13:38:05.685741+00:00"
"8566c6b5-b2d2-4d9d-a713-3571854200da","SENEDI SM Events (tentes/mobilier)","Loueur / Location","senedi.sm.events.tentes.mobilier.9fd7@nexusmarket.sn","Voir site","approved","true","2026-08-12T13:38:05.685741+00:00"
"98c9f718-0ae3-4044-ad59-4f20b9d618b5","Ayuf Holding SN (articles événementiels)","Loueur / Location","ayuf.holding.sn.articles.evenementiels.e618@nexusmarket.sn","Voir site","approved","true","2026-08-12T13:38:05.685741+00:00"
"e03d1bf8-9df5-4b56-b5f7-5b00caff1e8f","","Agence immobilière","prospect.8889@nexusmarket.sn","+221 77 108 88 89","approved","true","2026-08-12T13:38:05.685741+00:00"
"a46b93e8-3d42-486b-99a8-de91f7dcbbaf","National Location de Voitures","Loueur / Location","national.location.de.voitures.392d@nexusmarket.sn","Voir site","approved","true","2026-08-12T13:38:05.685741+00:00"
"dcc72b36-d99c-4177-9f92-efef4338a2b6","SENEDI SM Events (page Facebook)","Loueur / Location","senedi.sm.events.page.facebook.2791@nexusmarket.sn","Voir Facebook","approved","true","2026-08-12T13:38:05.685741+00:00"
"5d1a1411-3c6d-443e-9d27-f78eed72c176","Locapro Sénégal (location matériel BTP/événementiel)","Loueur / Location","locapro.senegal.location.materiel.btp.evenementiel.180f@nexusmarket.sn","Voir site","approved","true","2026-08-12T13:38:05.685741+00:00"
"fffa84c9-f1b4-40c1-b200-01831b94704a","Kobe BTP (location engins/matériel)","Loueur / Location","kobe.btp.location.engins.materiel.3edc@nexusmarket.sn","Voir site","approved","true","2026-08-12T13:38:05.685741+00:00"
"abaa4a9f-5f51-4865-a0fc-3f346f4f5e1d","Diallo BTP Logistique (location engins/échafaudage)","Loueur / Location","diallo.btp.logistique.location.engins.echafaudage.1807@nexusmarket.sn","Voir site","approved","true","2026-08-12T13:38:05.685741+00:00"
"da3646e2-394d-478e-be2a-e1563b625c1e","Sutura BTP (location groupe électrogène)","Loueur / Location","sutura.btp.location.groupe.electrogene.a7da@nexusmarket.sn","Voir site","approved","true","2026-08-12T13:38:05.685741+00:00"
"ef956a82-99a4-45c2-9962-33bdccf46daf","Ayuf Holding (page Facebook)","Loueur / Location","ayuf.holding.page.facebook.0286@nexusmarket.sn","Voir Facebook","approved","true","2026-08-12T13:38:05.685741+00:00"
"ab76a041-c515-47e2-a4b6-bc6c5a0a4ebb","Dakar Location Vaisselle (matériel réception)","Loueur / Location","dakar.location.vaisselle.materiel.reception.3f7f@nexusmarket.sn","Voir Facebook","approved","true","2026-08-12T13:38:05.685741+00:00"
"7767e76b-5894-4293-b9ff-2e035ebb7774","Saly Aventure (pêche et jet ski)","Loueur / Location","saly.aventure.peche.et.jet.ski.1139@nexusmarket.sn","Voir site","approved","true","2026-08-12T13:38:05.685741+00:00"
"bc756da3-0962-49ac-a350-938e38fbf50c","Location tables chaises tente réception (CoinAfrique)","Loueur / Location","location.tables.chaises.tente.reception.coinafrique.7946@nexusmarket.sn","Voir annonce","approved","true","2026-08-12T13:38:05.685741+00:00"
"bbf0c033-73f2-4ec5-b9a0-4ead9abf72db","CERAMIQUE BUILDING","Carreleur","prospect_221338557645@nexusmarket.sn","+221 33 855 76 45","active","false","2026-08-11T22:29:35.939146+00:00"
"22a7676c-ee25-4ac3-93ea-ec71215c47b5","Monaco Beach Boby Jet Ski (Dakar)","Loueur / Location","monaco.beach.boby.jet.ski.dakar.6409@nexusmarket.sn","Voir site","approved","true","2026-08-12T13:38:05.685741+00:00"
"ad238d85-451e-461e-a0a2-4ca77cadf244","Moto Découverte Sénégal (moto/scooter Saly)","Loueur / Location","moto.decouverte.senegal.moto.scooter.saly.a70a@nexusmarket.sn","Voir Facebook","approved","true","2026-08-12T13:38:05.685741+00:00"
"8b1c212f-7d2f-490c-9c00-705cca98f566","Location motos et scooters Sénégal (Dakar)","Loueur / Location","location.motos.et.scooters.senegal.dakar.77b5@nexusmarket.sn","Voir Facebook","approved","true","2026-08-12T13:38:05.685741+00:00"
"c97d55b1-f751-4a9a-a393-a364fe2ac6b6","CARREFOUR CEROMIQUE","Carreleur","prospect_221776696530@nexusmarket.sn","+221 77 669 65 30","active","false","2026-08-11T22:29:12.73376+00:00"
"33465350-aac8-4027-8146-adeac5862833","Location Moto Senegal (circuits et randonnées)","Loueur / Location","location.moto.senegal.circuits.et.randonnees.a4f7@nexusmarket.sn","Voir site","approved","true","2026-08-12T13:38:05.685741+00:00"
"28b0f524-dda7-4545-b777-3f5c4a522859","Just married (location robes mariage Dakar)","Loueur / Location","just.married.location.robes.mariage.dakar.6940@nexusmarket.sn","Voir Facebook","approved","true","2026-08-12T13:38:05.685741+00:00"
"0253ce65-6928-4161-b6b6-ae987c5f11a4","CARREAUX SANITAIRES","Carreleur","prospect_221775293102@nexusmarket.sn","+221 77 529 31 02","active","false","2026-08-11T22:29:52.330847+00:00"
"87ee2b44-f7bc-4a22-8d90-9f566c4b9401","La promise Bridal Dakar (robes mariage)","Loueur / Location","la.promise.bridal.dakar.robes.mariage.4c43@nexusmarket.sn","Voir Facebook","approved","true","2026-08-12T13:38:05.685741+00:00"
"f0437919-4166-4b00-a916-f51e8989c34a","The Day of Today (location vente robes Sénégal)","Loueur / Location","the.day.of.today.location.vente.robes.senegal.9515@nexusmarket.sn","Voir Facebook","approved","true","2026-08-12T13:38:05.685741+00:00"
"d20d9117-8a14-4152-8055-78c7693ab66b","CARREAUX KEUR BAMBA","Carreleur","prospect_221775069173@nexusmarket.sn","+221 77 506 91 73","active","false","2026-08-11T22:29:35.13435+00:00"
"6ed9171c-e188-4f05-b36b-bdd2d1ad18f0","Dakar Vidéo projecteur location service","Loueur / Location","dakar.video.projecteur.location.service.7d8c@nexusmarket.sn","Voir Facebook","approved","true","2026-08-12T13:38:05.685741+00:00"
"191811f5-81f1-4bcd-80f9-739acf3c74c7","CARREAUX 2000 SERVICES","Carreleur","prospect_221338279995@nexusmarket.sn","+221 33 827 99 95","active","false","2026-08-11T22:29:09.820736+00:00"
"15199864-1d22-42c5-86e2-22ebe68ae2de","Africa Bâches (tentes bâches location)","Loueur / Location","africa.baches.tentes.baches.location.8311@nexusmarket.sn","Voir Facebook","approved","true","2026-08-12T13:38:05.685741+00:00"
"84a8760b-aa8a-4971-b4be-718b40611354","CARREAUX 2000","Carreleur","prospect_221338203756@nexusmarket.sn","+221 33 820 37 56","active","false","2026-08-11T22:29:29.172037+00:00"
"8f81dfea-0d5a-4d74-95f4-9cea4d2333c0","C.E.G / BTP","Carreleur","prospect_221775458288@nexusmarket.sn","+221 77 545 82 88","active","false","2026-08-11T22:29:40.641542+00:00"
"bc3d9ff6-4633-4feb-91de-81a729b348d0","BT CARREAUX KEUR S SALIOU","Carreleur","prospect_221339280864@nexusmarket.sn","+221 33 928 08 64","active","false","2026-08-11T22:29:47.614268+00:00"
"f20cb2d3-aa48-4d9b-bc12-89fd258c792b","TOUBA BACHE du Sénégal (bâches événementiel)","Loueur / Location","touba.bache.du.senegal.baches.evenementiel.15ba@nexusmarket.sn","Voir Facebook","approved","true","2026-08-12T13:38:05.685741+00:00"
"c0507b43-15fc-4434-9909-96c2927c8586","BSM LA BETONNIERE SARL","Vente de carreaux","prospect_221338245005@nexusmarket.sn","+221 33 824 50 05","active","false","2026-08-11T22:29:51.9275+00:00"
"994ba81a-bf8f-488a-b7e0-45d48e203942","Dakar CoWorking (salles réunion par heure)","Loueur / Location","dakar.coworking.salles.reunion.par.heure.3ded@nexusmarket.sn","Voir site","approved","true","2026-08-12T13:38:05.685741+00:00"
"5667cb18-8fff-4018-bce0-a179ee605e14","BOUTIQUE MOKHAMED ROSSNIL","Carreleur","prospect_221775906007@nexusmarket.sn","+221 77 590 60 07","active","false","2026-08-11T22:29:47.20774+00:00"
"8416ce61-83df-4108-9fe2-406960e9f26e","Freepenseur (coworking 24/7 Sud Foire)","Loueur / Location","freepenseur.coworking.24.7.sud.foire.0e97@nexusmarket.sn","Voir site","approved","true","2026-08-12T13:38:05.685741+00:00"
"9039cdd0-dc18-4a86-acbd-6b1deff40806","Nomad Foodtruck Sénégal (food truck mobile)","Loueur / Location","nomad.foodtruck.senegal.food.truck.mobile.0a91@nexusmarket.sn","Voir Facebook","approved","true","2026-08-12T13:38:05.685741+00:00"
"f13f9f84-6296-40d5-87d7-4f644ea342a3","BATIMAT","Carreleur","prospect_221338896363@nexusmarket.sn","+221 33 889 63 63","active","false","2026-08-11T22:29:07.823527+00:00"
"3a8a038f-2541-4113-a51f-b6568df993ee","BAOL CARREAUX","Vente de carreaux","prospect_221775720048@nexusmarket.sn","+221 77 572 00 48","active","false","2026-08-11T22:29:27.655046+00:00"
"6840ed12-9fe3-47a8-83db-069f2af935d2","Waypoint Dakar (coworking 24/7)","Loueur / Location","waypoint.dakar.coworking.24.7.8947@nexusmarket.sn","Voir site","approved","true","2026-08-12T13:38:05.685741+00:00"
"8cf985b6-2259-4777-8fc7-c2f53e6e5bce","AFRICA CARREAUX","Carreleur","prospect_221338218423@nexusmarket.sn","+221 33 821 84 23","active","false","2026-08-11T22:29:46.401223+00:00"
"34a42707-e780-4de0-b4a7-b343970606d7","Saly Loisirs (quad karting jet ski)","Loueur / Location","saly.loisirs.quad.karting.jet.ski.a57d@nexusmarket.sn","Voir site","approved","true","2026-08-12T13:38:05.685741+00:00"
"b5128c59-df58-4139-8a52-3cd517ee7dd3","AISSALAM CARREAUX","Carreleur","prospect_221338603780@nexusmarket.sn","+221 33 860 37 80","active","false","2026-08-11T22:29:46.804006+00:00"
"3712a755-7da8-4844-8a7c-b7db9dd53c77","BAMBA NDIAYE SA","Carreleur","prospect_221338898989@nexusmarket.sn","+221 33 889 89 89","active","false","2026-08-11T22:29:26.457659+00:00"
"8ce92b7a-bd43-406b-bd8b-f3f2c797f3c0","Malika Surf Camp (cours surf Dakar)","Loueur / Location","malika.surf.camp.cours.surf.dakar.43f3@nexusmarket.sn","Voir site","approved","true","2026-08-12T13:38:05.685741+00:00"
"3f335910-0de5-4548-8e47-6427e8a08d1a","ABF CERAMIQUE","Carreleur","prospect_221773052669@nexusmarket.sn","+221 77 305 26 69","active","false","2026-08-11T22:29:34.62849+00:00"
"54de91fa-1f53-4d93-b8e3-ec523eb0fff5","Pape Loisirs (buggy/quad excursions)","Loueur / Location","pape.loisirs.buggy.quad.excursions.e514@nexusmarket.sn","Voir site","approved","true","2026-08-12T13:38:05.685741+00:00"
"aea306bf-dedb-4cfd-b4d9-76e78f254e07","COMPTOIR COMMERCIAL DABAKH","Vente de carreaux","prospect_221773953245@nexusmarket.sn","+221 77 395 32 45","active","false","2026-08-11T22:29:48.418968+00:00"
"32527ad7-732c-4e3a-9264-5e95f42d9c42","Easy Quad Saly (location quad/buggy)","Loueur / Location","easy.quad.saly.location.quad.buggy.96e2@nexusmarket.sn","Voir site","approved","true","2026-08-12T13:38:05.685741+00:00"
"6298d311-a4f2-4b96-8307-20ee8fd66966","DAKAR CERAMIC","Vente de carreaux","prospect_221338203031@nexusmarket.sn","+221 33 820 30 31","active","false","2026-08-11T22:29:53.219267+00:00"
"6556496b-42d7-42d4-be06-243b3ad2a77a","DALIFORT MATERIAUX CARRELAGE","Vente de carreaux","prospect_221338323815@nexusmarket.sn","+221 33 832 38 15","active","false","2026-08-11T22:29:13.674826+00:00"
"366a2435-d7c8-4f99-8634-41c4e2566c10","AFRIBAT","Vente de carreaux","prospect_221776268019@nexusmarket.sn","+221 77 626 80 19","active","false","2026-08-11T22:29:51.522596+00:00"
"c76e3ac0-a450-434a-b479-bbf6b163c68c","DAROU KHOUDOSS CERAMIQUE","Vente de carreaux","prospect_221775736580@nexusmarket.sn","+221 77 573 65 80","active","false","2026-08-11T22:29:41.511185+00:00"
"63a58ddf-2a88-44c6-b392-6310c08e2349","DAROU SALAM CARREAUX","Vente de carreaux","prospect_221773612067@nexusmarket.sn","+221 77 361 20 67","active","false","2026-08-11T22:29:14.471586+00:00"
"a760c71a-51db-4b8a-87ac-05b56b3ad725","DAROU SALAM QUINCAILLERIE","Carreleur","prospect_221771799981@nexusmarket.sn","+221 77 179 99 81","active","false","2026-08-11T22:29:41.918215+00:00"
"07b07b94-be65-48f4-8554-f53dbf4dce1d","DAROU SAM CERAMIQUE","Carreleur","prospect_221773994659@nexusmarket.sn","+221 77 399 46 59","active","false","2026-08-11T22:29:53.623596+00:00"
"8e6ae0b1-74d8-428a-b223-4e9d3a3ff7f9","Fun Spa Dakar (jacuzzi gonflable à domicile)","Loueur / Location","fun.spa.dakar.jacuzzi.gonflable.a.domicile.0b64@nexusmarket.sn","Voir site","approved","true","2026-08-12T13:38:05.685741+00:00"
"40971162-9828-437e-b892-7d2d516f9a29","Oceanium de Dakar (kayak/activités nautiques)","Loueur / Location","oceanium.de.dakar.kayak.activites.nautiques.f588@nexusmarket.sn","Voir site","approved","true","2026-08-12T13:38:05.685741+00:00"
"bd8af455-de8e-4da6-90a7-0b83d72bf900","DIOR CERAMICA","Carreleur","prospect_221338252396@nexusmarket.sn","+221 33 825 23 96","active","false","2026-08-11T22:29:14.995923+00:00"
"dc1045da-6352-49ae-befd-1af8c0970256","DJAMIL CARREAUX (Parcelles)","Carreleur","prospect_221338330659@nexusmarket.sn","+221 33 833 06 59","active","false","2026-08-11T22:29:58.824627+00:00"
"6efb9fe6-aa3e-4566-93e7-c308c5798ab1","DaKite Sénégal (kitesurf Saly)","Loueur / Location","dakite.senegal.kitesurf.saly.26f1@nexusmarket.sn","Voir site","approved","true","2026-08-12T13:38:05.685741+00:00"
"cdffd0b3-266d-42e9-9098-bb77cc5cd035","DJAMIL CARREAUX (Hann)","Carreleur","prospect_221338327995@nexusmarket.sn","+221 33 832 79 95","active","false","2026-08-11T22:29:31.306289+00:00"
"7e4659cb-86c0-4bba-aac6-0222a58447bb","EEG DISTRIBUTION","Carreleur","prospect_221778557812@nexusmarket.sn","+221 77 855 78 12","active","false","2026-08-11T22:29:31.913799+00:00"
"d8a4e08c-cff6-4b8c-b64e-b97d29dcea3c","VIP Spa Jacuzzi Massage (page Facebook)","Loueur / Location","vip.spa.jacuzzi.massage.page.facebook.d6ea@nexusmarket.sn","Voir Facebook","approved","true","2026-08-12T13:38:05.685741+00:00"
"775272d4-0fc1-4c7a-a4d0-f77530afa58e","ENFAC BTP","Carreleur","prospect_221338360033@nexusmarket.sn","+221 33 836 00 33","active","false","2026-08-11T22:29:36.385913+00:00"
"7da82493-b405-40d6-9bb2-0e50bbab79eb","ESPACE MATERIAUX","Vente de carreaux","prospect_221338353977@nexusmarket.sn","+221 33 835 39 77","active","false","2026-08-11T22:29:32.353039+00:00"
"27a34b62-2a5b-407b-927a-1e1405f879cf","ETABLISSEMENT KHADIM RASSOUL","Carreleur","prospect_221338320661@nexusmarket.sn","+221 33 832 06 61","active","false","2026-08-11T22:29:48.819372+00:00"
"2d8270fc-03e3-4048-ba36-1f219d3f41cb","ETS FALL CARREAUX","Carreleur","prospect_221338609257@nexusmarket.sn","+221 33 860 92 57","active","false","2026-08-11T22:29:49.227839+00:00"
"ea1d5786-b61c-4737-be51-6ff643b189ad","ETS KHADIM RASSOUL","Carreleur","prospect_221777203244@nexusmarket.sn","+221 77 720 32 44","active","false","2026-08-11T22:29:59.229039+00:00"
"02471d68-8dc6-4d00-bbe3-67c5f42dc95d","ETS NDIAYE CARREAUX","Carreleur","prospect_221773395740@nexusmarket.sn","+221 77 339 57 40","active","false","2026-08-11T22:29:32.837351+00:00"
"4a4029d2-f89b-4f3e-a9fc-eee7d35b72b3","ETS SERIGNE FALLOU 28","Carreleur","prospect_221785284000@nexusmarket.sn","+221 78 528 40 00","active","false","2026-08-11T22:29:49.640826+00:00"
"59085632-3836-4fc6-bf1e-56877ccf0241","ETS TAÏF CARREAUX","Vente de carreaux","prospect_221338519237@nexusmarket.sn","+221 33 851 92 37","active","false","2026-08-11T22:29:50.051295+00:00"
"25ac9c32-8bdc-4427-b09f-cde23aa2e22c","ETS TOUBA BELEL WAKEUR","Carreleur","prospect_221772180065@nexusmarket.sn","+221 77 218 00 65","active","false","2026-08-11T22:29:50.464927+00:00"
"96a7b2bd-0ae2-4ba2-9685-ab99e264093d","ETS TOUBA MADIYANA CARREAUX","Carreleur","prospect_221338351703@nexusmarket.sn","+221 33 835 17 03","active","false","2026-08-11T22:29:50.868576+00:00"
"6fbc441e-96a1-4fb2-9bad-7331fd048f4b","Kid'Air (château gonflable/events enfants)","Loueur / Location","kid.air.chateau.gonflable.events.enfants.8370@nexusmarket.sn","Voir site","approved","true","2026-08-12T13:38:05.685741+00:00"
"72568304-ef76-43ba-8d52-aefca6b55998","ETS TOUBA TAIF DAROU KHOUDOSS","Carreleur","prospect_221763321545@nexusmarket.sn","+221 76 332 15 45","active","false","2026-08-11T22:29:36.806133+00:00"
"468dcda6-9707-4e03-85a2-1ea62669024c","FRENCIA","Vente de carreaux","prospect_221775259476@nexusmarket.sn","+221 77 525 94 76","active","false","2026-08-11T22:32:51.537243+00:00"
"c4915fae-4424-4be8-b44c-14124351270c","FUN CITY Dakar (clowns/magiciens/animations)","Loueur / Location","fun.city.dakar.clowns.magiciens.animations.644b@nexusmarket.sn","Voir site","approved","true","2026-08-12T13:38:05.685741+00:00"
"f18ea91a-8b30-453a-803f-694cfe428320","GIE NID","Vente de carreaux","prospect_221776490081@nexusmarket.sn","+221 77 649 00 81","active","false","2026-08-11T22:32:56.290654+00:00"
"4bf13649-aabb-454e-97d7-104e704be67f","GOGE BAT CERAMIQUE","Vente de carreaux","prospect_221777248489@nexusmarket.sn","+221 77 724 84 89","active","false","2026-08-11T22:29:15.55767+00:00"
"652e7770-8884-4f52-a52f-a0e36869d87c","HE-DI ENTREPRISES","Vente de carreaux","prospect_221338206616@nexusmarket.sn","+221 33 820 66 16","active","false","2026-08-11T22:29:54.024799+00:00"
"db096d14-ba26-4a67-a9bd-14e33b59a9d6","IDEAL CERAMIQUE","Vente de carreaux","prospect_221779051614@nexusmarket.sn","+221 77 905 16 14","active","false","2026-08-11T22:29:59.631255+00:00"
"b1606296-a02b-4733-8c88-cb4c53d43046","INTERNATIONAL BUSINESS TRADING","Vente de carreaux","prospect_221338204673@nexusmarket.sn","+221 33 820 46 73","active","false","2026-08-11T22:29:42.33573+00:00"
"c3bfc68d-630b-4d2e-a422-7bb6bbaf0d06","JAMILCARREAUX","Vente de carreaux","prospect_221338353260@nexusmarket.sn","+221 33 835 32 60","active","false","2026-08-11T22:29:33.418828+00:00"
"7341fedd-e7da-40ab-87f5-c7bf7f51438d","KEUR SERIGNE SALIOU MBACKE","Vente de carreaux","prospect_221709604369@nexusmarket.sn","+221 70 960 43 69","active","false","2026-08-11T22:29:33.884919+00:00"
"b26692d2-a0de-4404-be14-b5392574442d","KEUR SOKHNA MAÏ MBACKE KHEWEUL","Vente de carreaux","prospect_221338353427@nexusmarket.sn","+221 33 835 34 27","active","false","2026-08-11T22:30:00.035582+00:00"
"09dc1b6a-0bb8-4ae7-94fd-403d9637440a","KEUR SOKHNA WALO","Vente de carreaux","prospect_221338351010@nexusmarket.sn","+221 33 835 10 10","active","false","2026-08-11T22:30:00.47214+00:00"
"6d19b621-7218-451d-8bcd-57329b522202","CSN XEWEL CARREAUX","Vente de carreaux","prospect_221338373451@nexusmarket.sn","+221 33 837 34 51","active","false","2026-08-11T22:29:30.74656+00:00"
"74f6fe0a-2fff-44b7-86e2-24f2fabb36b2","KHEWEUL CERAMIQUE 2","Vente de carreaux","prospect_221778499943@nexusmarket.sn","+221 77 849 99 43","active","false","2026-08-11T22:29:54.42369+00:00"
"63f3f88b-21f3-49fc-8e8f-4d8f4981d1c3","KHEWEUL CERAMIQUE SARL","Vente de carreaux","prospect_221338356035@nexusmarket.sn","+221 33 835 60 35","active","false","2026-08-11T22:32:45.853066+00:00"
"69eb9211-f4a1-4579-91bd-663cd8b5bde2","Terrou-Bi (location bateau/pêche sportive)","Loueur / Location","terrou.bi.location.bateau.peche.sportive.31b4@nexusmarket.sn","Voir site","approved","true","2026-08-12T13:38:05.685741+00:00"
"0f0d5c85-2033-4c7e-9afb-5ea715eb8889","LA MAISON DE CARREAUX SENEGAL","Vente de carreaux","prospect_221781211898@nexusmarket.sn","+221 78 121 18 98","active","false","2026-08-11T22:29:16.19198+00:00"
"415e3eec-622f-4fd8-aeae-cfcb864b0539","LA MAISON DES CARREAUX","Vente de carreaux","prospect_221773786352@nexusmarket.sn","+221 77 378 63 52","active","false","2026-08-11T22:29:37.277161+00:00"
"706c5ef6-deb4-4611-8579-e329f576acce","Espace scooter dakar","Pièces moto","espace.scooter.dakar.b2be@nexusmarket.sn","Voir Facebook","approved","true","2026-08-12T13:38:05.685741+00:00"
"eef2d438-2db6-4bc8-ae85-d1f00c15435f","LAMP FALL CARREAUX (Parcelles)","Vente de carreaux","prospect_221776122206@nexusmarket.sn","+221 77 612 22 06","active","false","2026-08-11T22:29:54.82647+00:00"
"f393025d-d4f1-4651-b9c2-ffd5f30126d9","LAMP FALL CARREAUX (Ngor)","Vente de carreaux","prospect_221779555252@nexusmarket.sn","+221 77 955 52 52","active","false","2026-08-11T22:29:55.231995+00:00"
"024b1425-746c-40f7-aef1-fd68c9c25e46","LAMP FALL CARREAUX (Keur Massar)","Vente de carreaux","prospect_221338782566@nexusmarket.sn","+221 33 878 25 66","active","false","2026-08-11T22:32:51.989604+00:00"
"1b2cc232-b4c9-4a5e-a80a-d11974539c45","Dakar Pièces Détachées Auto Moto (groupe)","Pièces moto","dakar.pieces.detachees.auto.moto.groupe.1905@nexusmarket.sn","Voir groupe","approved","true","2026-08-12T13:38:05.685741+00:00"
"5b73b6f0-5405-4971-9674-b0770d6b0ac2","LAMP FALL CERAMIQUE","Vente de carreaux","prospect_221775737686@nexusmarket.sn","+221 77 573 76 86","active","false","2026-08-11T22:29:55.633073+00:00"
"e28905fd-b1fa-4cee-86f8-1d4ecbed9bd4","Wonder Park Dakar (parc aquatique/loisirs)","Loueur / Location","wonder.park.dakar.parc.aquatique.loisirs.8550@nexusmarket.sn","Voir TikTok","approved","true","2026-08-12T13:38:05.685741+00:00"
"124a4b79-9db8-4e9a-9cef-c23baabfcce0","LAMP FAYE BUSINESS COMPAGNIE","Vente de carreaux","prospect_221775189484@nexusmarket.sn","+221 77 518 94 84","active","false","2026-08-11T22:29:56.022219+00:00"
"acaa210b-1c09-477b-8c1a-7c3daf4824ca","LAYE CARREAUX","Vente de carreaux","prospect_221782657993@nexusmarket.sn","+221 78 265 79 93","active","false","2026-08-11T22:29:42.745643+00:00"
"6d8f23f3-90c5-4ec9-b582-74730be6007e","LONG OCEAN INTERNATIONALTRADING SARL","Vente de carreaux","prospect_221778007189@nexusmarket.sn","+221 77 800 71 89","active","false","2026-08-11T22:29:37.773548+00:00"
"b88ce897-b2d9-4da5-acc7-5d0305a122d3","MAGUALGUI CARREAUX","Vente de carreaux","prospect_221338350968@nexusmarket.sn","+221 33 835 09 68","active","false","2026-08-11T22:32:46.36805+00:00"
"bba43b4a-4dbd-4e56-95c8-aa28038ee9da","MANITECH","Vente de carreaux","prospect_221338327040@nexusmarket.sn","+221 33 832 70 40","active","false","2026-08-11T22:29:16.715209+00:00"
"8e62b366-b16b-4ff8-b8ec-7f82bfc9904c","MARONE SARL","Vente de carreaux","prospect_221338778945@nexusmarket.sn","+221 33 877 89 45","active","false","2026-08-11T22:29:43.158306+00:00"
"62057e79-9bc0-4372-8b9f-e1f47a6610af","MEDINA BAYE CARREAUX","Vente de carreaux","prospect_221772918849@nexusmarket.sn","+221 77 291 88 49","active","false","2026-08-11T22:29:43.567802+00:00"
"4023855a-f16b-43bb-90f1-8c756919be16","Pièces détachées moto (CoinAfrique)","Pièces moto","pieces.detachees.moto.coinafrique.db74@nexusmarket.sn","Voir annonces","approved","true","2026-08-12T13:38:05.685741+00:00"
"21b92ee3-4b06-43b2-b963-c2d42b4b4fe7","MONDIAL CARREAUX KEUR BAMBA","Vente de carreaux","prospect_221338355660@nexusmarket.sn","+221 33 835 56 60","active","false","2026-08-11T22:32:46.783598+00:00"
"a515d441-8973-4bf4-a9ce-af682b729dfd","NARIBOU LA CASE","Vente de carreaux","prospect_221338325020@nexusmarket.sn","+221 33 832 50 20","active","false","2026-08-11T22:32:57.119091+00:00"
"22ae81cb-b88b-4758-9581-508f7845e37d","NDAME SANOSI CARREAUX","Vente de carreaux","prospect_221776402919@nexusmarket.sn","+221 77 640 29 19","active","false","2026-08-11T22:32:57.532126+00:00"
"11db70a3-fe30-4adf-b586-cf5281a3881f","NDAYEN CARREAUX ET PLOMBERIE","Vente de carreaux","prospect_221773418175@nexusmarket.sn","+221 77 341 81 75","active","false","2026-08-11T22:29:17.341236+00:00"
"d22d7d93-4fad-4da6-8306-aff354ccda8d","NDIAMBOUR CARREAUX","Vente de carreaux","prospect_221775413027@nexusmarket.sn","+221 77 541 30 27","active","false","2026-08-11T22:32:52.408469+00:00"
"6577db96-216c-41fa-a15f-834f31e0aab4","NDIAREME CARREAU","Vente de carreaux","prospect_221776429898@nexusmarket.sn","+221 77 642 98 98","active","false","2026-08-11T22:29:38.189965+00:00"
"d4871e16-421d-4666-bb5c-d0247911099e","NDJOBATOU CARREAUX","Vente de carreaux","prospect_221782086843@nexusmarket.sn","+221 78 208 68 43","active","false","2026-08-11T22:29:38.691405+00:00"
"d173c7ec-8938-480a-afb7-afc1ec5096d4","NIAMAR CERAMIQUE","Vente de carreaux","prospect_221776330718@nexusmarket.sn","+221 77 633 07 18","active","false","2026-08-11T22:29:19.471113+00:00"
"c4ed261f-c374-4a75-8533-b6619ff47e56","NOVIBAT","Vente de carreaux","prospect_221338363975@nexusmarket.sn","+221 33 836 39 75","active","false","2026-08-11T22:29:43.97859+00:00"
"5e28c535-6aa5-40af-9344-fab481d25750","PLANETE CERAMIC","Vente de carreaux","prospect_221777807898@nexusmarket.sn","+221 77 780 78 98","active","false","2026-08-11T22:29:44.39977+00:00"
"2f2dba01-19e7-41e3-9f85-3923174f4fdd","PRESTIGE CERAMIQUE","Vente de carreaux","prospect_221777108201@nexusmarket.sn","+221 77 710 82 01","active","false","2026-08-11T22:32:47.211326+00:00"
"4093b2b6-827f-4209-a7c3-174fe0fe7565","QUINCAILLERIE GENERAL DAROU SALAM","Vente de carreaux","prospect_221708784145@nexusmarket.sn","+221 70 878 41 45","active","false","2026-08-11T22:29:44.807715+00:00"
"70099bfc-ee77-4da4-a23c-bad6738f7a1b","QUINCAILLERIE GENERAL GUEYE ET FRERE","Vente de carreaux","prospect_221338519531@nexusmarket.sn","+221 33 851 95 31","active","false","2026-08-11T22:29:24.332452+00:00"
"3cb2b6a6-aa40-4d79-a8ea-0bc7657cec81","RASSOUL CARREAUX","Vente de carreaux","prospect_221338204910@nexusmarket.sn","+221 33 820 49 10","active","false","2026-08-11T22:32:58.031873+00:00"
"c0af19af-15c5-429d-be52-17171e5283a9","RASSOUL CARREAUX DISTRIBUTION","Vente de carreaux","prospect_221338557646@nexusmarket.sn","+221 33 855 76 46","active","false","2026-08-11T22:29:45.219013+00:00"
"2f163043-74f4-463b-b97e-4f0039a941c6","RESSOUL LEROMIQUE","Vente de carreaux","prospect_221338556138@nexusmarket.sn","+221 33 855 61 38","active","false","2026-08-11T22:32:58.447093+00:00"
"b6773303-e62a-4d09-a676-554fa2db98be","RIDIALOUAHI CARREAUX","Vente de carreaux","prospect_221784258090@nexusmarket.sn","+221 78 425 80 90","active","false","2026-08-11T22:32:53.23282+00:00"
"c369f978-763d-41d1-99f8-1c0bd46f8113","ROYAL CERAMIQUE","Vente de carreaux","prospect_221338559919@nexusmarket.sn","+221 33 855 99 19","active","false","2026-08-11T22:32:58.849144+00:00"
"76e6441d-63ef-427a-99b2-8003b0b4f043","SA GROUPE SUARL","Vente de carreaux","prospect_221772564968@nexusmarket.sn","+221 77 256 49 68","active","false","2026-08-11T22:32:47.625223+00:00"
"b9ac8ee9-516f-4db5-a76d-98e1972b5551","SAHA CERAMICA","Vente de carreaux","prospect_221774010012@nexusmarket.sn","+221 77 401 00 12","active","false","2026-08-11T22:29:39.103591+00:00"
"4547775d-bc38-4e3c-96f5-154dd1312e32","SAHEL CARREAUX","Vente de carreaux","prospect_221338325523@nexusmarket.sn","+221 33 832 55 23","active","false","2026-08-11T22:29:39.525464+00:00"
"9a10525a-2e60-4558-b42b-48d4d8a1360d","SALAM CERAMICA","Vente de carreaux","prospect_221338356318@nexusmarket.sn","+221 33 835 63 18","active","false","2026-08-11T22:32:53.65847+00:00"
"e4b2bf2b-9d3f-4d8f-94ed-a6b5db2f1f19","SALOUM CERAMIQUE KEUR SERIGNE BASSIROU","Vente de carreaux","prospect_221775068502@nexusmarket.sn","+221 77 506 85 02","active","false","2026-08-11T22:29:39.970646+00:00"
"bbe4e307-e3ed-4ebc-9858-56225a6d56c5","SANTE YALLA","Vente de carreaux","prospect_221775870532@nexusmarket.sn","+221 77 587 05 32","active","false","2026-08-11T22:32:54.075807+00:00"
"3037a724-c58c-4d55-8553-101232afc0ac","SANTE YALLA CARREAUX","Vente de carreaux","prospect_221723598989@nexusmarket.sn","+221 72 359 89 89","active","false","2026-08-11T22:32:48.063565+00:00"
"f4e70e2e-eb7d-431b-af73-1595ec022b4f","ADPRO (carrosserie et mécanique)","Carrosserie / Tôlerie auto","adpro.carrosserie.et.mecanique.6c15@nexusmarket.sn","Voir Facebook","approved","true","2026-08-12T13:38:05.685741+00:00"
"afb477d4-e58f-4c78-a812-1efc99f15a93","Premium Car Services","Carrosserie / Tôlerie auto","premium.car.services.293a@nexusmarket.sn","Voir Facebook","approved","true","2026-08-12T13:38:05.685741+00:00"
"aa21ae4a-d982-42b7-a179-be9364515abf","Carfix Sénégal","Carrosserie / Tôlerie auto","carfix.senegal.5454@nexusmarket.sn","+221 78 753 54 54","approved","true","2026-08-12T13:38:05.685741+00:00"
"9a9f1e21-802a-4060-9ed3-31d7c5639805","SEN CARREAUX DABAKH MALICK SY","Vente de carreaux","prospect_221338550757@nexusmarket.sn","+221 33 855 07 57","active","false","2026-08-11T22:32:59.647521+00:00"
"9c03cae4-8f8a-4aa6-972a-d2e774ea072f","SEN CARREAUX KEUR MAME ABLOU AZIZ SY","Vente de carreaux","prospect_221707002325@nexusmarket.sn","+221 70 700 23 25","active","false","2026-08-11T22:32:48.915405+00:00"
"d877dc48-01b6-4adc-b51f-e465200fb433","SEN CARREAUX XEWEUL","Vente de carreaux","prospect_221772343337@nexusmarket.sn","+221 77 234 33 37","active","false","2026-08-11T22:33:00.06101+00:00"
"b7089fc1-289b-465d-944b-907ae08ab91c","SENE CARREAUX KEUR KHADIM","Vente de carreaux","prospect_221338594040@nexusmarket.sn","+221 33 859 40 40","active","false","2026-08-11T22:32:54.481105+00:00"
"654d9c5c-c99b-49ea-8d69-59fd06f8192f","SENE CERAMIC","Vente de carreaux","prospect_221775484409@nexusmarket.sn","+221 77 548 44 09","active","false","2026-08-11T22:32:54.898163+00:00"
"ea817586-18f7-4b3a-8b7d-96f3f9cbc199","SENEGAL CARREAUX","Vente de carreaux","prospect_221771957714@nexusmarket.sn","+221 77 195 77 14","active","false","2026-08-11T22:32:55.351218+00:00"
"d13a71e2-c40c-4c14-b308-2096a185e2c0","SIECO","Vente de carreaux","prospect_221338646566@nexusmarket.sn","+221 33 864 65 66","active","false","2026-08-11T22:33:00.468345+00:00"
"810cee53-3543-4679-8c33-268316364ed0","SKS GROUP","Vente de carreaux","prospect_221769534229@nexusmarket.sn","+221 76 953 42 29","active","false","2026-08-11T22:32:49.32611+00:00"
"13a6a10a-1954-40e8-ad68-f9dc79d3b0fe","SOBIMEX","Vente de carreaux","prospect_221774238278@nexusmarket.sn","+221 77 423 82 78","active","false","2026-08-11T22:32:49.74192+00:00"
"be967fa8-b4db-4e4c-af3b-7eac53a36ced","SONINKARA CARREAUX","Vente de carreaux","prospect_221773207958@nexusmarket.sn","+221 77 320 79 58","active","false","2026-08-11T22:32:55.762652+00:00"
"1d338970-c627-47ad-bfd1-25f1351f33e5","SOPE NABY CARREAUX","Vente de carreaux","prospect_221770355757@nexusmarket.sn","+221 77 035 57 57","active","false","2026-08-12T00:05:47.255131+00:00"
"c9d60de8-ac5f-49da-a498-e705f8ef4daf","SUNU CARREAUX","Vente de carreaux","prospect_221338559556@nexusmarket.sn","+221 33 855 95 56","active","false","2026-08-12T00:05:50.589831+00:00"
"b4a4e5e7-f8d8-4167-a391-b7c403bff0e7","SUPER CERAMIQUE","Vente de carreaux","prospect_221338670640@nexusmarket.sn","+221 33 867 06 40","active","false","2026-08-11T22:32:50.168682+00:00"
"a7a534d4-dd7e-465a-9557-2501946a27c4","SCCS","Vente de carreaux","prospect_221338322472@nexusmarket.sn","+221 33 832 24 72","active","false","2026-08-11T22:32:48.491113+00:00"
"a3862895-03d2-4f3c-8dd3-483c795b13ed","auto-carrosserie-dakar.com","Carrosserie / Tôlerie auto","auto.carrosserie.dakar.com.0b0d@nexusmarket.sn","Voir site","approved","true","2026-08-12T13:38:05.685741+00:00"
"a45254b8-6d3b-428a-8409-776319062bae","SYLLA CERAMICAS","Vente de carreaux","prospect_221338557858@nexusmarket.sn","+221 33 855 78 58","active","false","2026-08-12T00:06:05.670992+00:00"
"4d8798be-1098-4e16-9238-a58f99914d6a","TABAKH MATERIAUX","Vente de carreaux","prospect_221338553183@nexusmarket.sn","+221 33 855 31 83","active","false","2026-08-12T00:05:53.109977+00:00"
"234b7fea-f3fd-43e3-91ad-09be0f0447b8","KHELCOM PAREBRISE (vente batteries + pare-brise)","Vitres / Verre auto","khelcom.parebrise.vente.batteries.pare.brise.b370@nexusmarket.sn","Voir site","approved","true","2026-08-12T13:38:05.685741+00:00"
"fe815cff-131c-4d35-ad0d-f9c63d90bc14","TAWFEEX CARREAUX","Vente de carreaux","prospect_221773969898@nexusmarket.sn","+221 77 396 98 98","active","false","2026-08-12T00:05:53.909468+00:00"
"7f94eceb-512e-4e18-a912-169f2903729c","TAWFEKH CERAMIQUE","Vente de carreaux","prospect_221774339224@nexusmarket.sn","+221 77 433 92 24","active","false","2026-08-11T22:30:01.313529+00:00"
"41574bd6-b9ab-458d-9d71-93f231c26fb1","Afrique Pare-Brise (page Facebook)","Vitres / Verre auto","afrique.pare.brise.page.facebook.6723@nexusmarket.sn","Voir Facebook","approved","true","2026-08-12T13:38:05.685741+00:00"
"5eb36dcf-4815-49bb-b820-bdefc13fd551","TDSC PRESTIGE","Vente de carreaux","prospect_221338608919@nexusmarket.sn","+221 33 860 89 19","active","false","2026-08-11T22:33:00.878581+00:00"
"04cdec42-c981-4c42-9698-18f7073d2cc2","TOP CARREAUX","Vente de carreaux","prospect_221338781819@nexusmarket.sn","+221 33 878 18 19","active","false","2026-08-12T00:08:54.310743+00:00"
"ac8d8212-6fe7-4e92-a497-a315c78ef012","TOUBA BAGDAD","Vente de carreaux","prospect_221338340704@nexusmarket.sn","+221 33 834 07 04","active","false","2026-08-12T00:05:55.710484+00:00"
"7c3abba5-0ad9-4777-a33e-629e0abcd7dd","TOUBA BELEL CERAMIQUE","Vente de carreaux","prospect_221774043824@nexusmarket.sn","+221 77 404 38 24","active","false","2026-08-12T00:05:56.396118+00:00"
"62e09abe-9a0d-4857-87e5-cf0d5588fd4a","TOUBA CARREAUX","Vente de carreaux","prospect_221774056475@nexusmarket.sn","+221 77 405 64 75","active","false","2026-08-12T00:05:56.833601+00:00"
"5d72fc1d-1279-4058-8f04-0e0e852df2c8","TOUBA CARREAUX TEXTILES","Vente de carreaux","prospect_221776118213@nexusmarket.sn","+221 77 611 82 13","active","false","2026-08-12T00:08:55.444114+00:00"
"48c6641f-4498-4250-8498-1e953803c900","TOUBA DAROU SALAM CARREAUX","Vente de carreaux","prospect_221338550609@nexusmarket.sn","+221 33 855 06 09","active","false","2026-08-12T00:08:56.016284+00:00"
"f544d189-8fc5-4512-9209-d7576d175a9e","TOUBA KAMARENNE CARREAUX","Vente de carreaux","prospect_221768369787@nexusmarket.sn","+221 76 836 97 87","active","false","2026-08-12T00:08:56.584288+00:00"
"5bc9f7d5-11d7-42af-888b-391ee7fbac1e","TOUBA KHELCOM CERAMIQUE","Vente de carreaux","prospect_221777506739@nexusmarket.sn","+221 77 750 67 39","active","false","2026-08-12T00:08:57.480105+00:00"
"08d6f6c0-342e-494a-89ff-de48dd631079","Pare-brise neufs et occasions (CoinAfrique)","Vitres / Verre auto","pare.brise.neufs.et.occasions.coinafrique.8d10@nexusmarket.sn","Voir annonce","approved","true","2026-08-12T13:38:05.685741+00:00"
"0b017a24-ec18-470e-8a6a-9e177ff308a4","TOUBA KHELCOM WADE ET FRERES","Vente de carreaux","prospect_221776479557@nexusmarket.sn","+221 77 647 95 57","active","false","2026-08-12T00:08:58.055266+00:00"
"07f55be3-c6c8-44fc-a9fd-18c23511ca29","Dakar Pare-Brise (page Facebook)","Vitres / Verre auto","dakar.pare.brise.page.facebook.5150@nexusmarket.sn","+221 77 712 51 50","approved","true","2026-08-12T13:38:05.685741+00:00"
"301ab2ec-6ca8-4372-80eb-7e31d42e4bf3","AUTOBRISE","Vitres / Verre auto","autobrise.0453@nexusmarket.sn","Voir annuaire","approved","true","2026-08-12T13:38:05.685741+00:00"
"ffb94f2f-fda6-4d97-b54e-5b45f543d648","Locadakar","Agence immobilière","prospect_221775555570@nexusmarket.sn","+221 77 555 55 70","approved","true","2026-08-12T00:50:29.845996+00:00"
"4edb3278-c78f-4c0e-81cd-d82a55cbaa24","AB Immobilier","Agence immobilière","prospect_221338645401@nexusmarket.sn","+221 33 864 54 01","approved","true","2026-08-12T00:50:29.845996+00:00"
"d2f140dd-668c-44d4-82d0-7418ae92dbab","Keur-immo Sénégal","Agence immobilière","prospect_221771517947@nexusmarket.sn","+221 77 151 79 47","approved","true","2026-08-12T00:50:29.845996+00:00"
"955bc0b8-4404-489c-a16e-7ff958c13c8f","IMMO Business","Agence immobilière","prospect_221771362279@nexusmarket.sn","+221 77 136 22 79","approved","true","2026-08-12T00:50:29.845996+00:00"
"cf75d765-201f-4783-a200-d2181582fd8f","Adis Immobilière","Agence immobilière","prospect_221776331367@nexusmarket.sn","+221 77 633 13 67","approved","true","2026-08-12T00:50:29.845996+00:00"
"eeee2705-1d15-48e8-ad2d-cad30c3b9aa1","Agence Immobilière du Sahel","Agence immobilière","prospect_221338674599@nexusmarket.sn","+221 33 867 45 99","approved","true","2026-08-12T00:50:29.845996+00:00"
"f86b9b31-5f47-4bbd-949f-81bf31355277","Conseil en Immobilier et Trading","Agence immobilière","prospect_221338272829@nexusmarket.sn","+221 33 827 28 29","approved","true","2026-08-12T00:50:29.845996+00:00"
"73063d52-0c5d-4b9f-9a12-f5fb995a4b6b","Ema Immobilier","Agence immobilière","prospect_221338687829@nexusmarket.sn","+221 33 868 78 29","approved","true","2026-08-12T00:50:29.845996+00:00"
"0a6b46e3-a8b0-47c0-aa7b-3e1d44798a4d","IMMO AZUR","Agence immobilière","prospect_221338691185@nexusmarket.sn","+221 33 869 11 85","approved","true","2026-08-12T00:50:29.845996+00:00"
"1a710c6d-f1eb-47a5-8522-7dc7bcf9ca45","Immo'Dev","Agence immobilière","prospect_221338553839@nexusmarket.sn","+221 33 855 38 39","approved","true","2026-08-12T00:50:29.845996+00:00"
"13119d9f-9d61-4967-8ce7-6216fe424198","Dekkmann Immobilier","Agence immobilière","prospect_221338671397@nexusmarket.sn","+221 33 867 13 97","approved","true","2026-08-12T00:50:29.845996+00:00"
"243db2c5-bca8-441b-99d5-e7b7e2a4c383","Copadex Sénégal","Pneus / Pneumatiques","copadex.senegal.7940@nexusmarket.sn","+221 33 889 79 40","approved","true","2026-08-12T13:38:05.685741+00:00"
"55652559-53c1-4fe6-a761-02334bfd94a7","Immobilier Coumba","Agence immobilière","prospect_221776377644@nexusmarket.sn","+221 77 637 76 44","approved","true","2026-08-12T00:50:29.845996+00:00"
"01b87699-8b97-4952-a150-4d913d025069","Agence Nabi","Agence immobilière","prospect_221338647004@nexusmarket.sn","+221 33 864 70 04","approved","true","2026-08-12T00:50:29.845996+00:00"
"7b8fd413-e8ed-456e-ba64-a1c378939df9","Habiter.biz","Agence immobilière","prospect_221772847878@nexusmarket.sn","+221 77 284 78 78","approved","true","2026-08-12T00:50:29.845996+00:00"
"55844a89-d5be-4223-9df4-30a5c7854eae","Centre Pneumatique de Dakar (CPD)","Pneus / Pneumatiques","centre.pneumatique.de.dakar.cpd.6fed@nexusmarket.sn","Voir site","approved","true","2026-08-12T13:38:05.685741+00:00"
"db09b2fc-865c-452e-8c45-175e9a92b703","SAKA Senegal (pneus + lubrifiants)","Pneus / Pneumatiques","saka.senegal.pneus.lubrifiants.0dbe@nexusmarket.sn","Voir Facebook","approved","true","2026-08-12T13:38:05.685741+00:00"
"c575ae39-1fcf-40a1-839c-7d3e20280abf","ETS Maleye","Pneus / Pneumatiques","ets.maleye.6404@nexusmarket.sn","+221 33 889 64 04","approved","true","2026-08-12T13:38:05.685741+00:00"
"efc2b621-47c1-462b-a1fc-2a78d5dd65fa","Merthi Immobilier","Agence immobilière","prospect_221775299829@nexusmarket.sn","+221 77 529 98 29","approved","true","2026-08-12T00:50:29.845996+00:00"
"62bebfd7-bae4-4207-89e1-c87c9c854b6a","Kawsara Immobilier","Agence immobilière","prospect_221773739472@nexusmarket.sn","+221 77 373 94 72","approved","true","2026-08-12T00:50:29.845996+00:00"
"61b033d7-18fb-47fd-a21e-80867d6e26a1","Siproco Immobilier","Agence immobilière","prospect_221766805909@nexusmarket.sn","+221 76 680 59 09","approved","true","2026-08-12T00:50:29.845996+00:00"
"9407b869-e59d-496e-8ed9-9d20968223d7","Taïssir Immobilière","Agence immobilière","prospect_221707757511@nexusmarket.sn","+221 70 775 75 11","approved","true","2026-08-12T00:50:29.845996+00:00"
"267ccb04-afbe-47f3-a997-62f116da3a45","MISGO-IMMOBILIER","Agence immobilière","prospect_221775576077@nexusmarket.sn","+221 77 557 60 77","approved","true","2026-08-12T00:50:29.845996+00:00"
"78112191-ba0c-49c5-a8ca-9045322dacad","Sunu Makane","Agence immobilière","prospect_221338242482@nexusmarket.sn","+221 33 824 24 82","approved","true","2026-08-12T00:50:29.845996+00:00"
"b33507e1-ae7c-45d1-adf5-210562c0e8a5","Primo","Agence immobilière","prospect_221775022224@nexusmarket.sn","+221 77 502 22 24","approved","true","2026-08-12T00:50:29.845996+00:00"
"04539c2a-25d7-41cb-830d-df26072c23e7","C3S Sénégal","Pneus / Pneumatiques","c3s.senegal.7070@nexusmarket.sn","+221 33 859 70 70","approved","true","2026-08-12T13:38:05.685741+00:00"
"fb38d6c9-999c-47d4-b0c6-d1c217c2b3e5","Afrika PNEUS Senegal","Pneus / Pneumatiques","afrika.pneus.senegal.a2f0@nexusmarket.sn","Voir Facebook","approved","true","2026-08-12T13:38:05.685741+00:00"
"29397a08-a61c-44d0-8467-b345c05f47f5","Vulco Top Pneus","Pneus / Pneumatiques","vulco.top.pneus.24f5@nexusmarket.sn","Voir Facebook","approved","true","2026-08-12T13:38:05.685741+00:00"
"8a6e57a4-5a57-4d43-9f97-858f8dbb02ac","Dakar Pneumatique","Pneus / Pneumatiques","dakar.pneumatique.d590@nexusmarket.sn","Voir site","approved","true","2026-08-12T13:38:05.685741+00:00"
"a2f1549d-332d-4343-b736-0a5a071b2d3e","OBA Immobilier","Agence immobilière","prospect_221338256662@nexusmarket.sn","+221 33 825 66 62","approved","true","2026-08-12T00:50:29.845996+00:00"
"aa8ff434-bf25-4955-b351-4707c63fc187","Vision Immobilier Prestige","Agence immobilière","prospect_221772432508@nexusmarket.sn","+221 77 243 25 08","approved","true","2026-08-12T00:50:29.845996+00:00"
"6469ebf1-fc65-4264-a211-766912a7bcf3","Immobilière de la Côte Ouest","Agence immobilière","prospect_221776570910@nexusmarket.sn","+221 77 657 09 10","approved","true","2026-08-12T00:50:29.845996+00:00"
"eab89c5d-0dee-46f5-bf57-fb225b85e2d2","Midas Sénégal — pneus et entretien","Pneus / Pneumatiques","midas.senegal.pneus.et.entretien.0736@nexusmarket.sn","Voir site","approved","true","2026-08-12T13:38:05.685741+00:00"
"c176861d-5f70-4df3-b03a-df29ba97b50d","Imcor - Immobilière de la Corniche","Agence immobilière","prospect_221338240188@nexusmarket.sn","+221 33 824 01 88","approved","true","2026-08-12T00:50:29.845996+00:00"
"619f1845-a4fa-4106-8fec-c5308f368c51","Mermoz Immobilier","Agence immobilière","prospect_221771688913@nexusmarket.sn","+221 77 168 89 13","approved","true","2026-08-12T00:50:29.845996+00:00"
"9ab621c7-f8e8-41b6-a1ce-a3d630f99f13","Sénégalaise de l'Immobilier","Agence immobilière","prospect_221338640667@nexusmarket.sn","+221 33 864 06 67","approved","true","2026-08-12T00:50:29.845996+00:00"
"c8ec38e1-9bab-463b-8dea-e323a71aa649","Five Stars Immobilier","Agence immobilière","prospect_221338647055@nexusmarket.sn","+221 33 864 70 55","approved","true","2026-08-12T00:50:29.845996+00:00"
"0aa09ef9-f179-4d34-b5a7-e503c294288b","DAKAR PNEUS","Pneus / Pneumatiques","dakar.pneus.6846@nexusmarket.sn","Voir Facebook","approved","true","2026-08-12T13:38:05.685741+00:00"
"f0855285-c34a-445b-9a70-af54916a0fad","Civile Immobilier Cocotiers","Agence immobilière","prospect_221338641503@nexusmarket.sn","+221 33 864 15 03","approved","true","2026-08-12T00:50:29.845996+00:00"
"7eb1cb96-7494-4c1b-98af-61ad20a2249b","Transactions Immobilières","Agence immobilière","prospect_221338275409@nexusmarket.sn","+221 33 827 54 09","approved","true","2026-08-12T00:50:29.845996+00:00"
"38169439-03a0-4581-a090-108b92b60860","Touba Pneus","Pneus / Pneumatiques","touba.pneus.718b@nexusmarket.sn","Voir annuaire","approved","true","2026-08-12T13:38:05.685741+00:00"
"a8ca95a6-6cc6-4df1-95e1-694dc450adb3","Excellence Pneus","Pneus / Pneumatiques","excellence.pneus.ab8d@nexusmarket.sn","Voir Facebook","approved","true","2026-08-12T13:38:05.685741+00:00"
"6feb5113-8bbb-4052-96d2-90d23d13c3ca","Américaine Pneumatique","Pneus / Pneumatiques","americaine.pneumatique.2b16@nexusmarket.sn","Voir CoinAfrique","approved","true","2026-08-12T13:38:05.685741+00:00"
"d4355f42-d1b4-4b2e-b1f4-9d01c750d5ee","Le Palais de l'Immobilier","Agence immobilière","prospect_221338426001@nexusmarket.sn","+221 33 842 60 01","approved","true","2026-08-12T00:50:29.845996+00:00"
"a1895fc8-60d7-4279-b94f-7fe3d248d9ae","Holding Baobab SA","Agence immobilière","prospect_221338690510@nexusmarket.sn","+221 33 869 05 10","approved","true","2026-08-12T00:50:29.845996+00:00"
"1bc5cac4-34ee-4031-8adb-bdfb8e7cad42","Nouvelle Destination","Agence immobilière","prospect_221776385135@nexusmarket.sn","+221 77 638 51 35","approved","true","2026-08-12T00:50:29.845996+00:00"
"2650e4c3-abac-4aae-a541-5f17300e4a2a","Jiji.sn — vendeurs batteries voiture","Batteries auto","jiji.sn.vendeurs.batteries.voiture.bc6a@nexusmarket.sn","Voir site","approved","true","2026-08-12T13:38:05.685741+00:00"
"90230f3b-573c-4401-b95d-f9ee2e7f04e6","SOUMARI — Batteries auto","Batteries auto","soumari.batteries.auto.3a68@nexusmarket.sn","Voir site","approved","true","2026-08-12T13:38:05.685741+00:00"
"55c4e845-20b5-45a5-a9ae-e69b3b99483a","KMS","Batteries auto","kms.3599@nexusmarket.sn","Voir annonce","approved","true","2026-08-12T13:38:05.685741+00:00"
"cce731cc-08c5-4906-a0fe-2b08b46f172f","Batteries auto Liberté 5","Batteries auto","batteries.auto.liberte.5.1b46@nexusmarket.sn","Voir annonce","approved","true","2026-08-12T13:38:05.685741+00:00"
"980bcd01-b579-4677-a127-7a5d034ada42","Agence de la Plage","Agence immobilière","prospect_221776353108@nexusmarket.sn","+221 77 635 31 08","approved","true","2026-08-12T00:50:29.845996+00:00"
"3449ee76-056c-4343-b19b-a499cbd76f8a","Cabinet Immobilier Gaby Saly","Agence immobilière","prospect_221776532260@nexusmarket.sn","+221 77 653 22 60","approved","true","2026-08-12T00:50:29.845996+00:00"
"a38dc90a-826a-4e60-996f-7e55da6de571","Agence immobilière Mbour Sénégal","Agence immobilière","prospect_221785907070@nexusmarket.sn","+221 78 590 70 70","approved","true","2026-08-12T00:50:29.845996+00:00"
"2fe01a5b-a417-4113-9fe0-c04c0ed68092","Wotomoto — Batteries auto","Batteries auto","wotomoto.batteries.auto.7e9b@nexusmarket.sn","Voir site","approved","true","2026-08-12T13:38:05.685741+00:00"
"5f331d3e-fe20-4c89-8788-e005084eac85","La carrosserie de l'automobile","Carrosserie / Tôlerie auto","la.carrosserie.de.l.automobile.bb56@nexusmarket.sn","Voir site","approved","true","2026-08-12T13:38:05.685741+00:00"
"d4080f56-1145-444f-a482-f415a010348d","SPA Sénégal - Solution Peinture Automobile","Carrosserie / Tôlerie auto","spa.senegal.solution.peinture.automobile.7d42@nexusmarket.sn","Voir SenPages","approved","true","2026-08-12T13:38:05.685741+00:00"
"61689291-31de-4034-b9f1-9de484b73ee7","TafTaf — Batterie auto 75A","Batteries auto","taftaf.batterie.auto.75a.452d@nexusmarket.sn","Voir site","approved","true","2026-08-12T13:38:05.685741+00:00"
"fa9bdfb4-101b-4b18-8e78-264dbfee4dde","Premium Car Services","Carrosserie / Tôlerie auto","premium.car.services.a46f@nexusmarket.sn","Voir FB","approved","true","2026-08-12T13:38:05.685741+00:00"
"194d3ccc-a15d-449d-bfe9-f20c475c2823","SEN Batterie AUTO","Batteries auto","sen.batterie.auto.e0eb@nexusmarket.sn","Voir Facebook","approved","true","2026-08-12T13:38:05.685741+00:00"
"08015649-4e21-4928-b91f-c8e64394ee88","DAKAR MECANIQUE OUTILLAGE","Garage / Mécanicien","dakar.mecanique.outillage.0359@nexusmarket.sn","+221 33 832 03 59","approved","true","2026-08-12T13:38:05.685741+00:00"
"dd7e06f7-2bba-4395-98f1-f237880f786f","","Transport / Voyageurs","prospect.3627@nexusmarket.sn","+221775893627","approved","true","2026-08-12T13:38:05.685741+00:00"
"6d3359eb-b9e7-4680-9cb9-ca0b98c2fad1","Garage Mécanique tôlerie Mbourouk","Garage / Mécanicien","garage.mecanique.tolerie.mbourouk.3675@nexusmarket.sn","+221 77 648 36 75","approved","true","2026-08-12T13:38:05.685741+00:00"
"f2a57009-e3ba-43ad-b26e-eb575ab6005b","GARAGE DE NGOR BOSH CAR SERVICE","Garage / Mécanicien","garage.de.ngor.bosh.car.service.2300@nexusmarket.sn","+221 33 868 23 00","approved","true","2026-08-12T13:38:05.685741+00:00"
"84c2c556-9282-4350-b4c1-784f63e22888","SALL MULTI-SERVICES","Agence immobilière","prospect_221775566497@nexusmarket.sn","+221 77 556 64 97","approved","true","2026-08-12T00:50:29.845996+00:00"
"95c4f12f-434d-40ff-9ac4-7898ffb3f731","Agence Immobilier SN Ziguinchor","Agence immobilière","prospect_221773346683@nexusmarket.sn","+221 77 334 66 83","approved","true","2026-08-12T00:50:29.845996+00:00"
"202cf9c5-0390-4252-ad14-1ec46939c2e5","SIM Immobilier","Agence immobilière","prospect_221776782445@nexusmarket.sn","+221 77 678 24 45","approved","true","2026-08-12T00:50:29.845996+00:00"
"46e47d4a-a6c3-4701-8cca-949f370d7952","ETS AL AMINE SERVICES","Agence immobilière","prospect_221775679134@nexusmarket.sn","+221 77 567 91 34","approved","true","2026-08-12T00:50:29.845996+00:00"
"c3c12377-8b31-4ced-947f-c4f5db3cc25a","DAIDY Immobilier","Agence immobilière","prospect_221776404468@nexusmarket.sn","+221 77 640 44 68","approved","true","2026-08-12T00:50:29.845996+00:00"
"29928ddf-940e-4904-9e64-5f4c83f2c825","A.S.A.I. Ziguinchor","Agence immobilière","prospect_221776558999@nexusmarket.sn","+221 77 655 89 99","approved","true","2026-08-12T00:50:29.845996+00:00"
"a4b0a5e8-4864-4ca2-8fb1-adc19a462345","Kings Plaza","Agence immobilière","prospect_221338604019@nexusmarket.sn","+221 33 860 40 19","approved","true","2026-08-12T00:50:29.845996+00:00"
"8dfa47bc-5a22-4b89-858b-c19d4783fc02","3M Immobilier","Agence immobilière","prospect_221338670056@nexusmarket.sn","+221 33 867 00 56","approved","true","2026-08-12T00:50:29.845996+00:00"
"d9894c30-69c6-446b-9036-8ce62b24f578","Immolux","Agence immobilière","prospect_221772324203@nexusmarket.sn","+221 77 232 42 03","approved","true","2026-08-12T00:50:29.845996+00:00"
"a7481597-fab3-4f38-af59-cbfd5a91c472","Dakar Hermitage Immobilier","Agence immobilière","prospect_221766833662@nexusmarket.sn","+221 76 683 36 62","approved","true","2026-08-12T00:50:29.845996+00:00"
"8ce59a3b-1fa7-43ae-8908-d6496a002ec3","Mbol Yama","Agence immobilière","prospect_221776359316@nexusmarket.sn","+221 77 635 93 16","approved","true","2026-08-12T00:50:29.845996+00:00"
"a79768bc-e34e-480d-bb64-572a91629324","NIDMIKS","Agence immobilière","prospect_221775123400@nexusmarket.sn","+221 77 512 34 00","approved","true","2026-08-12T00:50:29.845996+00:00"
"a8f402e0-9e6c-472e-93c5-480e939b6a81","Saly Immo","Agence immobilière","prospect_221784755756@nexusmarket.sn","+221 78 475 57 56","approved","true","2026-08-12T00:50:29.845996+00:00"
"0d60b59e-adf4-41cb-8cd8-1d597dfa1544","Agence Citron Vert","Agence immobilière","prospect_221775739032@nexusmarket.sn","+221 77 573 90 32","approved","true","2026-08-12T00:50:29.845996+00:00"
"144ff7f2-f906-4802-92e7-29f88fac4034","Agipco Immobilier","Agence immobilière","prospect_221776440737@nexusmarket.sn","+221 77 644 07 37","approved","true","2026-08-12T00:50:29.845996+00:00"
"0fcdedd2-083e-410c-87f8-835992f978fd","Agence Djinguil Immobilier","Agence immobilière","prospect_221338676111@nexusmarket.sn","+221 33 867 61 11","approved","true","2026-08-12T00:50:29.845996+00:00"
"cd6cf229-2198-4edc-8f09-b2825888dae1","Immothiès-Dakar","Agence immobilière","prospect_221771437125@nexusmarket.sn","+221 77 143 71 25","approved","true","2026-08-12T00:50:29.845996+00:00"
"b7b08024-f9b9-4255-a6b1-0b2779d40ebc","Cabinet Immobilier du Monde","Agence immobilière","prospect_221775371819@nexusmarket.sn","+221 77 537 18 19","approved","true","2026-08-12T00:50:29.845996+00:00"
"af29570c-cdd5-4d85-ae18-751b44248b6d","Saphir Immobilier","Agence immobilière","prospect_221338600474@nexusmarket.sn","+221 33 860 04 74","approved","true","2026-08-12T00:50:29.845996+00:00"
"828f34d9-2c8a-43ef-b27f-f7cb5200266d","Résidence Arcanes","Agence immobilière","prospect_221338243770@nexusmarket.sn","+221 33 824 37 70","approved","true","2026-08-12T00:50:29.845996+00:00"
"1f6af1be-266c-408b-be2f-59a2c46e9b3b","Flèche Immo","Agence immobilière","prospect_221338671791@nexusmarket.sn","+221 33 867 17 91","approved","true","2026-08-12T00:50:29.845996+00:00"
"d7fd9c5d-9fe4-43db-9edb-5215c9d7046a","Services Immobiliers SARL","Agence immobilière","prospect_221766822626@nexusmarket.sn","+221 76 682 26 26","approved","true","2026-08-12T00:50:29.845996+00:00"
"54d80357-9e60-4cd8-bc21-5c874e7e2f68","Immo Access","Agence immobilière","prospect_221775325994@nexusmarket.sn","+221 77 532 59 94","approved","true","2026-08-12T00:50:29.845996+00:00"
"69a80e15-2231-4ab4-9f6e-c73ff8e08663","Afriquimmo","Agence immobilière","prospect_221775693561@nexusmarket.sn","+221 77 569 35 61","approved","true","2026-08-12T00:50:29.845996+00:00"
"83f6423f-3b07-47b9-9dc5-3b98e33a2137","TOUBA IMMO","Agence immobilière","prospect_221771088889@nexusmarket.sn","+221 77 108 88 89","approved","true","2026-08-12T00:50:29.845996+00:00"
"6be16cb9-f762-4fdd-ba1d-e0337e608e36","ZELTEX SENEGAL SA (KALIA)","Agence immobilière","prospect_221338211415@nexusmarket.sn","+221 33 821 14 15","active","false","2026-08-12T00:09:36.740835+00:00"
"fae80789-b663-46c4-a708-2b1ea12540b6","Saly Immobilier","Agence immobilière","prospect_221339549746@nexusmarket.sn","+221 33 954 97 46","approved","true","2026-08-12T00:50:29.845996+00:00"
"d32305b3-6a34-4c09-a54f-b9e155d24309","Immobilière Dado","Agence immobilière","prospect_221773747489@nexusmarket.sn","+221 77 374 74 89","approved","true","2026-08-12T00:50:29.845996+00:00"
"3974bc5f-51ba-44b0-a021-e3588144f169","Group MBS Immo","Agence immobilière","prospect_221775135201@nexusmarket.sn","+221 77 513 52 01","approved","true","2026-08-12T00:50:29.845996+00:00"
"92430f07-d75c-49c6-b686-b8b4f38ea46c","DALLY BEST (matériel événementiel)","Loueur / Location","prospect_221769418240@nexusmarket.sn","+221 76 941 82 40","approved","true","2026-08-12T00:50:29.845996+00:00"
"45643ea8-6e8f-45bc-ba3e-4380a54e5ff9","Avis Sénégal (location voiture)","Loueur / Location","prospect_221338497755@nexusmarket.sn","+221 33 849 77 55","approved","true","2026-08-12T00:50:29.845996+00:00"
"223bd362-64a7-4e0d-a240-b2f0d7492751","KAMA Automobile (location voiture)","Loueur / Location","prospect_221784547979@nexusmarket.sn","+221 78 454 79 79","approved","true","2026-08-12T00:50:29.845996+00:00"
"bdb6dbfc-7802-4865-9fc7-66fc6de2aca8","Nouvelles Frontières Sénégal (location véhicule)","Loueur / Location","prospect_221338594447@nexusmarket.sn","+221 33 859 44 47","approved","true","2026-08-12T00:50:29.845996+00:00"
"23738853-3cf1-4d56-b357-10b313300614","SELOV - Sénégalaise de Location de Voitures","Loueur / Location","prospect_221338275726@nexusmarket.sn","+221 33 827 57 26","approved","true","2026-08-12T00:50:29.845996+00:00"
"16cc6b75-d872-41d0-9861-149d411becc4","Mass Location (location voiture)","Loueur / Location","prospect_221338220462@nexusmarket.sn","+221 33 822 04 62","approved","true","2026-08-12T00:50:29.845996+00:00"
"3ae04db1-4f60-4a63-acc1-d2231a105a33","2JR Location de Voitures","Loueur / Location","prospect_221338219856@nexusmarket.sn","+221 33 821 98 56","approved","true","2026-08-12T00:50:29.845996+00:00"
"76507848-7e80-462f-aff0-012c646fda0e","NERI GROUP (location événementiel)","Loueur / Location","prospect_221774825999@nexusmarket.sn","+221 77 482 59 99","approved","true","2026-08-12T00:50:29.845996+00:00"
"0aecb22a-af76-48de-91e0-c83d4afa2f84","ADA Location de Véhicules","Loueur / Location","prospect_221338692526@nexusmarket.sn","+221 33 869 25 26","approved","true","2026-08-12T00:50:29.845996+00:00"
"8eba6036-33b4-4e5a-b5ab-2d92346de948","Afrique Location de Voitures","Loueur / Location","prospect_221338238801@nexusmarket.sn","+221 33 823 88 01","approved","true","2026-08-12T00:50:29.845996+00:00"
"10e3e67c-546d-4353-829c-ae3948f542b9","Autoland Sénégal (location voiture)","Loueur / Location","prospect_221338641717@nexusmarket.sn","+221 33 864 17 17","approved","true","2026-08-12T00:50:29.845996+00:00"
"98f6859c-d69f-4213-8020-c671f4a583dd","Autorent (location voiture)","Loueur / Location","prospect_221338890121@nexusmarket.sn","+221 33 889 01 21","approved","true","2026-08-12T00:50:29.845996+00:00"
"e1b90847-b5f4-42d4-b03b-4a029063bd06","Budget Sénégal (location voiture)","Loueur / Location","prospect_221338590480@nexusmarket.sn","+221 33 859 04 80","approved","true","2026-08-12T00:50:29.845996+00:00"
"30606ad0-0304-46a6-92cd-824044976994","Europcar Sénégal (location voiture)","Loueur / Location","prospect_221338693066@nexusmarket.sn","+221 33 869 30 66","approved","true","2026-08-12T00:50:29.845996+00:00"
"60283c2f-2e03-4e19-9e9e-54c4096c0a8b","Hertz Transacauto (location voiture)","Loueur / Location","prospect_221338898181@nexusmarket.sn","+221 33 889 81 81","approved","true","2026-08-12T00:50:29.845996+00:00"
"c1180330-854d-4659-8837-6946e4d66fb9","Assurcar (location voiture)","Loueur / Location","prospect_221338237250@nexusmarket.sn","+221 33 823 72 50","approved","true","2026-08-12T00:50:29.845996+00:00"
"771d933b-8c6c-43a0-9b88-b39e44ad03db","Alliance G (location voiture)","Loueur / Location","prospect_221338683423@nexusmarket.sn","+221 33 868 34 23","approved","true","2026-08-12T00:50:29.845996+00:00"
"ee9eee72-fc20-4d4f-9e68-dc07c6677265","Location 4x4 Sénégal","Loueur / Location","prospect_221772358208@nexusmarket.sn","+221 77 235 82 08","approved","true","2026-08-12T00:50:29.845996+00:00"
"e622cfe7-a973-46d0-bbed-83a24ebfb718","Ngaparou Aventures (location véhicule)","Loueur / Location","prospect_221339585397@nexusmarket.sn","+221 33 958 53 97","approved","true","2026-08-12T00:50:29.845996+00:00"
"3497cb69-2242-46e5-9774-76ae53b2b046","Nianing Automobiles (location véhicule)","Loueur / Location","prospect_221339549230@nexusmarket.sn","+221 33 954 92 30","approved","true","2026-08-12T00:50:29.845996+00:00"
"94840a20-47b7-4217-a2f1-e0ffec271dcc","Casa Loisirs (jet ski paddleboard Saly)","Loueur / Location","prospect_221779101045@nexusmarket.sn","+221 77 910 10 45","approved","true","2026-08-12T00:50:29.845996+00:00"
"d7ee1926-90f4-4965-b001-947ea3dc29ae","GIG - GARAGE IBRA GUEYE","Garage / Mécanicien","gig.garage.ibra.gueye.6480@nexusmarket.sn","+221 33 832 64 80","approved","true","2026-08-12T13:38:05.685741+00:00"
"5e51a2ed-0e71-461f-b40e-eade68d9fe76","GARAGE UBC Centre de Diagnostique Automobile","Garage / Mécanicien","garage.ubc.centre.de.diagnostique.automobile.0787@nexusmarket.sn","+221 77 318 07 87","approved","true","2026-08-12T13:38:05.685741+00:00"
"b8683c33-bddf-4de9-844e-00466b06c212","KEUR AUTO SPEED","Garage / Mécanicien","keur.auto.speed.5001@nexusmarket.sn","+221 33 820 50 01","approved","true","2026-08-12T13:38:05.685741+00:00"
"522e3960-7bc9-48e8-ad55-ee94fd5b8a3f","Garage mécanique tôlerie","Garage / Mécanicien","garage.mecanique.tolerie.3675@nexusmarket.sn","+221 77 648 36 75","approved","true","2026-08-12T13:38:05.685741+00:00"
"85324e49-ab00-4cc6-8f71-697e731e0ad0","Mondial Business Mobus (vidéoprojecteur/IT)","Loueur / Location","prospect_221776270909@nexusmarket.sn","+221 77 627 09 09","approved","true","2026-08-12T00:50:29.845996+00:00"
"37968326-9f88-43e8-b4a9-8be4cafa149c","DAKAR Coworking (salles réunion/espaces)","Loueur / Location","prospect_221773328187@nexusmarket.sn","+221 77 332 81 87","approved","true","2026-08-12T00:50:29.845996+00:00"
"137e2fef-e1c5-49e3-a8d9-419c39e6035b","PAPA THIOUNE NDIAYE","Garage / Mécanicien","papa.thioune.ndiaye.2322@nexusmarket.sn","+221 33 832 23 22","approved","true","2026-08-12T13:38:05.685741+00:00"
"c09f970d-fe1e-44ac-a212-033ebf84d309","Top Pneus","Garage / Mécanicien","top.pneus.3366@nexusmarket.sn","+221 33 849 33 66","approved","true","2026-08-12T13:38:05.685741+00:00"
"8501ce2b-b1d4-4332-99d6-8a5d0f3742cf","Solution Peinture Automobile du Sénégal","Garage / Mécanicien","solution.peinture.automobile.du.senegal.2695@nexusmarket.sn","+221 77 120 26 95","approved","true","2026-08-12T13:38:05.685741+00:00"
"6921a91e-0795-4ed3-9150-d4e0a7be4bb9","UBC","Garage / Mécanicien","ubc.0787@nexusmarket.sn","+221 77 318 07 87","approved","true","2026-08-12T13:38:05.685741+00:00"
"8fe036e2-4886-4645-ae7b-b70ce7074cbf","Garage Femme auto (Sipres 2)","Garage / Mécanicien","garage.femme.auto.sipres.2.4722@nexusmarket.sn","+221 33 867 47 22","approved","true","2026-08-12T13:38:05.685741+00:00"
"88985a91-4ca0-45c3-8b7a-94fafb874fa5","La carrosserie de l'automobile","Garage / Mécanicien","la.carrosserie.de.l.automobile.9393@nexusmarket.sn","+221 33 832 93 93","approved","true","2026-08-12T13:38:05.685741+00:00"
"c8cbcae5-44e0-4427-b585-b717872aa35d","Garage Pro-Tech","Garage / Mécanicien","garage.pro.tech.1890@nexusmarket.sn","+221 77 505 18 90","approved","true","2026-08-12T13:38:05.685741+00:00"
"10fb1017-9d9c-4786-96c5-e93e72a522e9","GARAGE CAROSSERIE NABY","Garage / Mécanicien","garage.carosserie.naby.7136@nexusmarket.sn","+221 77 525 71 36","approved","true","2026-08-12T13:38:05.685741+00:00"
"bacee427-2345-48e7-b8dd-8b5403ac6508","Laye mecanicien (Motos)","Garage / Mécanicien","laye.mecanicien.motos.3586@nexusmarket.sn","+221 77 193 35 86","approved","true","2026-08-12T13:38:05.685741+00:00"
"bc6eafe3-1e16-4996-bb49-921144d21fe6","Dk Tuning","Garage / Mécanicien","dk.tuning.0829@nexusmarket.sn","+221 77 586 08 29","approved","true","2026-08-12T13:38:05.685741+00:00"
"dc5f6c33-2d2b-461d-a5b7-faf5bbf87346","KART'ing Saly (karting Ngaparou)","Loueur / Location","prospect_221339585002@nexusmarket.sn","+221 33 958 50 02","approved","true","2026-08-12T00:50:29.845996+00:00"
"6f1f4a64-68ce-4746-8348-432bacfa1748","King Mascotte (mascotte/animations enfants)","Loueur / Location","prospect_221773508437@nexusmarket.sn","+221 77 350 84 37","approved","true","2026-08-12T00:50:29.845996+00:00"
"3de656ac-d4ca-4cd8-8eaf-78b3b70cd25b","Africa Pièces détachées","Pièces moto","prospect_221338700732@nexusmarket.sn","+221 33 870 07 32","approved","true","2026-08-12T00:50:29.845996+00:00"
"ffc39979-4794-43d6-8fd3-ac98313b8011","Garage Pro-Tech","Garage / Mécanicien","garage.pro.tech.3191@nexusmarket.sn","+221 76 260 31 91","approved","true","2026-08-12T13:38:05.685741+00:00"
"9a8bcfdf-8633-4678-b77b-a86c4c7c1be0","Allo Moto Dakar","Pièces moto","prospect_221768177571@nexusmarket.sn","+221 76 817 75 71","approved","true","2026-08-12T00:50:29.845996+00:00"
"f3dd43dc-9cf6-47bc-ab3d-6361b805613f","BOUTIQUE SERIGNE TOUBA","Pièces moto","prospect_221777085884@nexusmarket.sn","+221 77 708 58 84","approved","true","2026-08-12T00:50:29.845996+00:00"
"4b53582d-3a05-49d4-ad8f-65b0c974cb35","CASA PIECE","Pièces moto","prospect_221776325518@nexusmarket.sn","+221 77 632 55 18","approved","true","2026-08-12T00:50:29.845996+00:00"
"7f8a5b5f-e4c0-4b33-95f6-399d20da4a86","ETS TRA MOTO","Pièces moto","prospect_221777201362@nexusmarket.sn","+221 77 720 13 62","approved","true","2026-08-12T00:50:29.845996+00:00"
"5904f577-fc76-4638-bc83-39c8524e42d7","ETS TRA MOTO BY BOCOUM","Pièces moto","prospect_221774182600@nexusmarket.sn","+221 77 418 26 00","approved","true","2026-08-12T00:50:29.845996+00:00"
"906dd447-d2ab-4c84-adf4-a60a901be433","ABJI FATOU MANIA DEROU","Pièces moto","prospect_221776256015@nexusmarket.sn","+221 77 625 60 15","approved","true","2026-08-12T00:50:29.845996+00:00"
"fc0504bd-af24-48ce-9b76-ca4bd2ea4c48","MSPD SENEGAL","Pièces moto","prospect_221775066366@nexusmarket.sn","+221 77 506 63 66","approved","true","2026-08-12T00:50:29.845996+00:00"
"d3111904-21bd-4173-be3e-267ba649ac68","ADVENTURE MOTO","Pièces moto","prospect_221778616863@nexusmarket.sn","+221 77 861 68 63","approved","true","2026-08-12T00:50:29.845996+00:00"
"22a77d02-8dc3-4a94-8048-93eb5e5d9d21","FRANCE SCOOTERS SENEGAL","Pièces moto","prospect_221775065324@nexusmarket.sn","+221 77 506 53 24","approved","true","2026-08-12T00:50:29.845996+00:00"
"a74275f1-4b29-4f98-ba5a-0e1d251e4d97","ETS DK MOTOS","Pièces moto","prospect_221338233130@nexusmarket.sn","+221 33 823 31 30","approved","true","2026-08-12T00:50:29.845996+00:00"
"43cc65cb-4847-4550-ba34-59466ef9d9e8","GLOBAL PIECES WAKEUR SERIGNE S.MBAKE","Pièces moto","prospect_221777633623@nexusmarket.sn","+221 77 763 36 23","approved","true","2026-08-12T00:50:29.845996+00:00"
"cf0562a0-db10-4935-bef5-5897e868f1be","KEPAROU MAME SEYDI","Pièces moto","prospect_221775454510@nexusmarket.sn","+221 77 545 45 10","approved","true","2026-08-12T00:50:29.845996+00:00"
"c2a04883-7974-4abc-91b6-58928b49bfcc","KEUR SERIGNE BABACAR SY DEUX ROUES","Pièces moto","prospect_221776837994@nexusmarket.sn","+221 77 683 79 94","approved","true","2026-08-12T00:50:29.845996+00:00"
"2e9e86ef-a381-4980-aae0-bd946b298cc5","WA KEUR KHALIFA ABABACAR SY","Pièces moto","prospect_221338383435@nexusmarket.sn","+221 33 838 34 35","approved","true","2026-08-12T00:50:29.845996+00:00"
"7e6010fd-3bc6-4939-8f66-139b59eeaf61","WAKEUR SERIGNE BABACAR SY","Pièces moto","prospect_221779880228@nexusmarket.sn","+221 77 988 02 28","approved","true","2026-08-12T00:50:29.845996+00:00"
"28fa6868-2ef1-49d2-969d-d16deb9bcdb0","TOUBA 2 ROUES WAKEUR EL HADJ MADIAMA FALL","Pièces moto","prospect_221770807214@nexusmarket.sn","+221 77 080 72 14","approved","true","2026-08-12T00:50:29.845996+00:00"
"f21aa413-7dcc-452f-8d07-5b8ca4d5b31e","Afrique Pieces Auto","Pièces moto","prospect_221778275224@nexusmarket.sn","+221 77 827 52 24","approved","true","2026-08-12T00:50:29.845996+00:00"
"148e31a2-49bb-4c24-a460-2016613caada","HAMIDOUNA BUSINESS","Pièces moto","prospect_221778276678@nexusmarket.sn","+221 77 827 66 78","approved","true","2026-08-12T00:50:29.845996+00:00"
"df6daceb-03cd-471f-8d8b-c64a0bd0cbf9","Autolaque","Carrosserie / Tôlerie auto","prospect_221338321714@nexusmarket.sn","+221 33 832 17 14","active","false","2026-08-11T22:30:07.086996+00:00"
"c4c190f8-40ae-4826-b0a4-51b4d14171c7","AZ COLOR","Carrosserie / Tôlerie auto","prospect_221338340856@nexusmarket.sn","+221 33 834 08 56","active","false","2026-08-12T00:20:00.369622+00:00"
"1cbabf5a-abde-4888-b4ad-d14e70c70980","Dakar Rapid Pare-Brise (vente toutes marques)","Vitres / Verre auto","prospect_221776173956@nexusmarket.sn","+221 77 617 39 56","approved","true","2026-08-12T00:50:29.845996+00:00"
"332b2f1e-f2e0-4a78-847b-16c3f9bacea6","Carfix Sénégal (pneumatiques + géométrie + équilibrage)","Réparateur de jantes","prospect_221787535454@nexusmarket.sn","+221 78 753 54 54","active","false","2026-08-12T00:50:29.845996+00:00"
"838e45f0-9910-4bbc-9137-282ba1f0eed3","La Maison Du Pneu","Pneus / Pneumatiques","prospect_221338215417@nexusmarket.sn","+221 33 821 54 17","approved","true","2026-08-12T00:50:29.845996+00:00"
"85f39979-9242-479b-b89a-59a921f978a8","COMPTOIR SENEGALAIS DE PNEUMATIQUE","Pneus / Pneumatiques","prospect_221339359792@nexusmarket.sn","+221 33 935 97 92","approved","true","2026-08-12T00:50:29.845996+00:00"
"1f4ba093-fea5-4185-a035-79e2043b7684","Societe Moderne Du Pneumatique Senegalais - Michelin","Pneus / Pneumatiques","prospect_221338493070@nexusmarket.sn","+221 33 849 30 70","approved","true","2026-08-12T00:50:29.845996+00:00"
"ecc2a64f-497f-4b71-8922-5db3c96272d9","Vendeur pneus neufs 0 km","Pneus / Pneumatiques","prospect_221775395066@nexusmarket.sn","+221 77 539 50 66","approved","true","2026-08-12T00:50:29.845996+00:00"
"4f1420ac-3f80-4ec6-897f-ec21b63ab0e5","Black Star Gie Sahel","Pneus / Pneumatiques","prospect_221338231842@nexusmarket.sn","+221 33 823 18 42","approved","true","2026-08-12T00:50:29.845996+00:00"
"960e7756-2f60-48e8-9a25-6dceeece7f77","C3S Sénégal (géométrie équilibrage jantes)","Réparateur de jantes","prospect_221338597070@nexusmarket.sn","+221 33 859 70 70","active","false","2026-08-12T00:50:29.845996+00:00"
"89a8d67a-532b-4362-9ef2-8d94dfff54a1","ETS Maleye (jantes + pneus)","Réparateur de jantes","prospect_221338896404@nexusmarket.sn","+221 33 889 64 04","active","false","2026-08-12T00:50:29.845996+00:00"
"4f25ae9b-aade-45db-b3df-1436d1e5f710","Copadex Sénégal (montage équilibrage jantes)","Réparateur de jantes","prospect_221338897940@nexusmarket.sn","+221 33 889 79 40","active","false","2026-08-12T00:50:29.845996+00:00"
"e20a994e-8b9b-430a-a297-1c3d97eefb44","ADNAN KOCHMAN","Batteries auto","prospect_221338224457@nexusmarket.sn","+221 33 822 44 57","approved","true","2026-08-12T00:50:29.845996+00:00"
"6667533a-4436-48e8-bda2-bca4d9f3e9ff","CAA (COMPAGNIE AFRICAINE DES ACCUMULATEURS)","Batteries auto","prospect_221338321556@nexusmarket.sn","+221 33 832 15 56","approved","true","2026-08-12T00:50:29.845996+00:00"
"90187cc0-829f-4b72-846b-605ca3ed9112","SIGELEC (SOCIETE INDUSTRIELLE GENERATEUR ELECTRIQUE)","Batteries auto","prospect_221338491549@nexusmarket.sn","+221 33 849 15 49","approved","true","2026-08-12T00:50:29.845996+00:00"
"8494d95a-b27f-4780-8397-c27690711afb","SOLANCE","Batteries auto","prospect_221338321629@nexusmarket.sn","+221 33 832 16 29","approved","true","2026-08-12T00:50:29.845996+00:00"
"48b3e62a-ce6f-4d06-82ce-22f248edbb35","TTB","Batteries auto","prospect_221338329060@nexusmarket.sn","+221 33 832 90 60","approved","true","2026-08-12T00:50:29.845996+00:00"
"34a94101-fb7c-4c12-bf31-0c392f9ab3ec","TOUBA BATTERIE","Batteries auto","prospect_221775424008@nexusmarket.sn","+221 77 542 40 08","approved","true","2026-08-12T00:50:29.845996+00:00"
"564f22cf-e224-43f4-b625-db0e798a4cf6","Saka Trading","Batteries auto","prospect_221338326710@nexusmarket.sn","+221 33 832 67 10","approved","true","2026-08-12T00:50:29.845996+00:00"
"d67d9c10-f807-4088-8fbd-6dc139a6064b","SOLANCE INDUSTRIES S.A","Batteries auto","prospect_221772829088@nexusmarket.sn","+221 77 282 90 88","approved","true","2026-08-12T00:50:29.845996+00:00"
"dab6eda4-d5ed-4e49-8123-1f42d8a7c5ac","RIM Sénégal","Agence immobilière","prospect_@nexusmarket.sn","Voir site","approved","true","2026-08-12T00:50:29.845996+00:00"
"7521a02a-6c2e-4398-bdce-6510a9780838","TAPHA AUTO AFRIQUE PARE BRISE","Carrosserie / Tôlerie auto","prospect_221339518151@nexusmarket.sn","+221 33 951 81 51","active","false","2026-08-12T00:50:29.845996+00:00"
"b5c80142-05f8-4ce0-bb59-1b29347ce574","Dakar Pare Brise Keur Mame Fawade Walle","Carrosserie / Tôlerie auto","prospect_221775261266@nexusmarket.sn","+221 77 526 12 66","active","false","2026-08-12T00:50:29.845996+00:00"
"149708b1-b14c-4188-9b80-1140a09defd2","Diop","Épicerie fine / Bio","cheikh.diop.finehalal@gmail.com","+221 76 901 23 56","approved","true","2026-08-12T00:50:29.845996+00:00"
"9f6ced63-835c-4029-aa3d-4219a121363e","Sy","Épicerie fine / Bio","fatou.sy.bio@gmail.com","+221 78 789 01 34","approved","true","2026-08-12T00:50:29.845996+00:00"
"4e523ca5-a11a-44f4-9037-c611ed8a48bd","Konaré","Épicerie fine / Bio","aminata.konare.epices@gmail.com","+221 77 890 12 45","approved","true","2026-08-12T00:50:29.845996+00:00"
"dad55981-859b-4e3e-9540-cc0f604571e1","","Transport / Voyageurs","prospect_221779804318221773337700@nexusmarket.sn","+221779804318|+221773337700","approved","true","2026-08-12T00:50:29.845996+00:00"
"7476080c-bc9a-4c38-bcec-0a2beb069c36","","Transport / Voyageurs","serviceclient@demdikk.sn","+221338241010","approved","true","2026-08-12T00:50:29.845996+00:00"
"701ddf3c-c2cc-4088-9f97-19154b37e8f3","","Transport / Voyageurs","prospect_221779804318221778371323@nexusmarket.sn","+221779804318|+221778371323","approved","true","2026-08-12T00:50:29.845996+00:00"
"2b393c98-b880-4cfd-8089-b2bfe87b219f","","Transport / Voyageurs","prospect_221778123456@nexusmarket.sn","+221778123456","approved","true","2026-08-12T00:50:29.845996+00:00"
"39f026de-5d6b-4c05-8aab-c769dfeb9f94","","Transport / Voyageurs","contact@globaltransports.sn","+221777794818|+221786600505|+221771273535|+221771271212","approved","true","2026-08-12T00:50:29.845996+00:00"
"e5ac012a-1491-423b-8c1b-4f5e4192bc18","","Transport / Voyageurs","syllabusinessgroup@gmail.com","+221771160707","approved","true","2026-08-12T00:50:29.845996+00:00"
"e971efdd-e493-4a12-917b-97838a38ee72","","Transport / Voyageurs","contact@salamtransports.com","+221773337700","approved","true","2026-08-12T00:50:29.845996+00:00"
"de01c7b2-8b02-4989-b731-3ffee36356ec","","Transport / Voyageurs","prospect_221775295665@nexusmarket.sn","+221775295665","approved","true","2026-08-12T00:50:29.845996+00:00"
"bd32aded-f290-4e3f-8e12-ffa97023bec3","","Transport / Voyageurs","prospect_221776805131221766805131@nexusmarket.sn","+221776805131|+221766805131","approved","true","2026-08-12T00:50:29.845996+00:00"
"82b414bf-7a04-4d9c-a6be-3bb1ca04d8c2","","Transport / Voyageurs","prospect_221338694444@nexusmarket.sn","+221338694444","approved","true","2026-08-12T00:50:29.845996+00:00"
"a04cb489-4971-49a4-a300-c8838ffb090b","","Transport / Voyageurs","contact@machallahvoyage.com","+221769007878|+221764064040|+221767672525","approved","true","2026-08-12T00:50:29.845996+00:00"